우편번호,위도,경도,평균_크기,평균_변환_전세(만원),지역구분코드,오피스텔비율,총거래수량,월세_비율(%),신축_비율(%),버스정류장,미술관 & 전시관,자전거대여소,헬스클럽,성당,병원,공연장,공원,영화관,지하철역,동물병원,뷰티케어,코인노래방,도서관,교회,대형마트,공공체육시설,카페 & 디저트,경찰서,생활용품점,술집,쇼핑센터,슈퍼마켓,약국,반찬가게 & 밀키트,편의점,은행,코인세탁방,요가,크로스핏,ATM,음식점,우체국,PC방,필라테스,주민센터,절
3000,37.61240618,126.9542705,31.5,11964.28571,2,0.0,2,100.0,0.0,8,2,1,0,0,1,0,0,0,0,0,0,0,0,0,0,0,4,0,0,0,0,0,0,0,1,0,0,0,0,1,8,0,0,1,0,3
3004,37.61238562,126.9740451,50.31,18357.14286,2,0.0,1,100.0,0.0,17,29,1,1,0,1,0,0,0,0,0,0,0,1,4,0,0,13,0,0,3,0,1,0,0,3,1,0,0,0,2,13,0,0,1,0,1
3006,37.61099354,126.9656133,44.44,11214.28571,2,0.0,3,100.0,0.0,9,9,0,0,0,0,0,0,0,0,0,0,0,0,0,0,0,5,0,0,1,0,0,0,0,1,0,0,0,0,1,6,0,0,1,0,7
3007,37.60724068,126.9596766,43.965,20142.85714,2,0.0,2,100.0,0.0,27,2,5,3,0,6,1,0,0,0,0,0,0,0,3,0,0,16,0,0,13,0,0,1,1,4,1,1,0,0,5,43,0,2,2,0,8
3008,37.60634005,126.9640711,55.56875,28716.07143,2,0.0,8,50.0,50.0,21,11,4,5,0,8,1,0,0,0,1,1,0,1,5,0,0,30,1,0,15,0,3,4,2,4,2,1,0,0,5,49,0,1,4,1,10
3009,37.60815259,126.9687023,42.2975,17716.96429,2,0.0,8,87.5,25.0,13,16,2,4,0,7,0,0,0,0,1,1,0,1,2,0,0,24,1,0,6,0,3,4,1,4,3,0,0,0,6,44,0,0,3,1,5
3010,37.6090119,126.9763487,48.04316667,19599.40476,2,0.0,36,36.11111111,0.0,8,16,1,2,0,1,0,0,0,0,0,0,0,0,1,0,0,13,0,0,3,0,1,0,0,3,1,0,0,0,2,22,0,0,1,0,1
3011,37.60464577,126.9687106,38.21,14431.97279,2,0.0,21,57.14285714,19.04761905,10,9,2,5,0,7,0,0,0,0,1,1,0,1,3,0,0,22,1,0,8,0,3,4,1,4,2,0,0,0,5,41,0,0,3,1,6
3012,37.60663289,126.9566251,58.58,30333.33333,2,0.0,3,0.0,66.66666667,22,1,2,3,0,5,0,0,0,0,0,0,0,0,3,0,0,17,0,0,13,0,0,1,1,4,1,1,0,0,9,44,1,2,2,0,8
3013,37.60562662,126.9590322,44.82,17201.5873,2,0.0,9,44.44444444,0.0,30,2,5,4,0,6,1,0,0,0,0,0,0,0,3,0,0,21,0,0,13,0,0,1,1,5,1,1,0,0,9,49,1,2,2,0,9
3014,37.60347381,126.9600497,41.73888889,16239.68254,2,0.0,9,33.33333333,0.0,41,7,5,4,1,5,1,0,0,0,1,0,0,0,4,0,0,32,1,0,17,0,2,3,1,8,1,1,0,0,10,60,2,2,1,0,9
3015,37.60110642,126.9568283,42.00875,21508.92857,2,0.0,16,37.5,25.0,28,6,1,1,1,2,0,0,0,0,2,0,0,0,2,0,0,25,1,0,6,0,2,1,0,5,0,0,0,0,6,37,2,0,0,0,9
3017,37.59979952,126.9599948,33.80666667,15047.61905,2,0.333333333,6,100.0,0.0,28,9,3,2,1,4,1,0,0,0,2,0,0,0,2,0,0,29,1,0,6,0,2,1,0,5,0,0,0,0,4,41,1,0,0,0,10
3019,37.60201938,126.9629903,40.74947368,16955.6391,2,0.0,19,89.47368421,5.263157895,26,11,4,4,1,6,1,0,0,0,2,0,0,0,4,0,0,23,2,0,14,0,3,2,0,6,1,0,0,0,7,28,1,1,1,0,6
3020,37.59566893,126.966796,42.31326087,19164.82919,2,0.130434783,46,52.17391304,30.43478261,11,14,2,2,0,2,2,0,0,0,0,0,0,0,1,0,0,48,0,0,3,0,0,0,0,4,0,0,0,0,3,35,0,0,0,1,3
3021,37.59753942,126.9609667,46.735,16952.38095,2,0.0,6,50.0,16.66666667,20,13,3,2,1,4,1,0,0,0,2,0,0,0,2,0,0,28,1,0,6,0,2,1,0,4,0,0,0,0,5,38,1,0,0,0,7
3022,37.59144481,126.962694,51.01875,37508.92857,2,0.0,8,75.0,62.5,8,12,1,0,0,0,2,1,0,0,0,0,0,1,2,0,0,35,0,0,3,0,0,0,0,3,0,0,0,0,2,28,0,0,0,1,8
3026,37.57475795,126.962857,41.52412698,15377.81406,2,0.0,126,50.79365079,4.761904762,35,4,2,1,1,19,0,2,0,1,1,0,0,4,10,0,1,34,1,0,4,0,2,4,2,9,3,2,0,0,6,77,0,3,1,2,6
3027,37.57707111,126.9677754,44.14571429,18862.2449,2,0.0,7,57.14285714,14.28571429,34,37,5,12,1,26,0,1,0,0,2,0,0,2,8,0,1,223,1,1,102,0,5,8,3,12,4,3,0,0,13,283,1,1,4,0,3
3028,37.57448655,126.9655407,44.12571429,21156.42857,2,0.0,14,64.28571429,0.0,23,12,3,10,2,15,1,1,0,0,1,1,0,3,11,0,1,81,2,0,24,0,6,4,7,12,2,3,0,0,7,95,1,0,4,1,1
3029,37.57366218,126.9611331,37.47285714,13730.61224,2,0.0,14,64.28571429,0.0,45,4,3,6,1,37,0,2,0,1,2,1,0,3,10,0,1,46,2,0,8,0,6,10,8,12,4,2,0,0,12,121,2,3,2,4,3
3030,37.57532882,126.9576042,40.75,13785.71429,2,0.0,2,100.0,0.0,30,1,3,2,1,10,0,2,0,1,0,0,0,1,7,0,0,26,0,0,3,0,4,3,1,11,2,1,0,0,7,57,1,2,1,3,10
3031,37.58705704,126.9679241,45.265,33480.95238,2,0.0,6,50.0,50.0,7,3,1,1,0,2,1,3,0,0,1,0,0,2,4,0,0,13,1,0,1,0,1,0,0,4,1,0,0,0,1,25,0,0,0,1,0
3032,37.58477267,126.9685891,53.83,25500.0,2,0.0,1,100.0,0.0,12,16,3,2,0,6,1,2,0,0,1,0,0,1,6,0,0,67,2,0,11,0,3,2,2,9,2,0,0,0,3,101,0,0,0,2,2
3033,37.58376842,126.966542,30.45666667,21023.80952,2,0.0,3,100.0,100.0,11,14,1,2,0,4,1,2,0,0,1,0,0,1,6,0,0,77,2,0,15,0,3,3,2,9,2,0,0,0,3,108,0,0,0,2,3
3034,37.58205245,126.9666771,43.23,19144.11765,2,0.0,34,23.52941176,0.0,13,25,2,1,0,7,1,1,0,0,1,0,0,1,7,0,0,128,2,0,22,0,4,3,2,11,3,1,0,0,2,150,0,0,0,2,3
3035,37.58276514,126.9691514,45.06738095,20565.47619,2,0.0,42,57.14285714,2.380952381,21,35,3,2,0,9,1,2,0,0,2,0,0,1,9,0,0,149,2,0,30,0,4,3,2,12,3,1,0,0,3,196,0,0,0,2,2
3036,37.58039294,126.9698679,32.6475,19035.71429,2,0.0,8,37.5,0.0,28,49,3,5,0,19,1,1,0,0,2,0,0,2,7,0,0,220,3,0,78,0,3,5,2,14,5,2,0,0,7,282,1,0,0,2,3
3037,37.58018491,126.9673173,46.33,20285.71429,2,0.0,26,38.46153846,0.0,18,37,2,2,0,8,1,0,0,0,1,0,0,2,8,0,0,181,2,0,50,0,4,3,2,13,5,2,0,0,5,230,1,0,0,1,4
3038,37.58061941,126.9657979,46.77588235,21158.27171,2,0.0,51,33.33333333,5.882352941,15,20,1,2,0,6,0,0,0,0,0,0,0,1,7,0,0,127,1,0,28,0,4,3,2,9,2,1,0,0,2,143,0,0,0,1,3
3039,37.5784127,126.9682749,36.74,27471.42857,2,0.0,4,50.0,0.0,30,47,4,8,1,28,0,1,0,0,2,0,0,2,7,0,0,230,2,1,99,0,4,9,3,13,4,3,0,0,8,294,1,1,2,1,2
3040,37.57859047,126.970235,28.60944444,14293.65079,2,0.0,18,100.0,0.0,33,49,6,8,1,31,0,1,0,1,2,0,0,2,7,0,0,256,3,1,108,0,5,10,3,15,5,3,0,0,12,316,1,1,2,1,3
3041,37.57700149,126.9707971,40.5475,20384.28571,2,0.0,20,65.0,0.0,30,44,7,17,1,39,1,1,0,1,2,0,0,2,9,0,0,274,2,1,115,0,6,9,4,19,8,3,0,0,20,333,2,1,9,0,2
3042,37.58258215,126.971795,45.708,22157.14286,2,0.0,5,80.0,0.0,20,40,3,2,0,10,1,2,0,0,2,0,0,2,7,0,0,152,2,0,31,0,3,3,2,9,4,1,0,0,3,200,1,0,0,2,1
3043,37.58042213,126.9722029,41.88846154,20198.02198,2,0.0,13,76.92307692,0.0,27,46,2,5,0,26,1,1,0,0,2,0,0,2,6,0,0,218,3,1,89,0,2,7,2,12,4,2,0,0,5,290,1,1,1,2,2
3044,37.57783095,126.9729109,27.345,22535.71429,2,0.0,4,75.0,0.0,25,45,7,14,1,39,1,2,0,1,2,0,0,1,7,0,0,257,2,1,109,0,5,10,4,18,8,3,0,0,20,317,2,1,6,0,2
3047,37.58630038,126.9709561,46.6425,27080.35714,2,0.0,4,50.0,50.0,11,5,2,1,0,2,1,2,0,0,1,0,0,1,5,0,0,29,1,0,1,0,1,0,0,4,1,0,0,0,1,31,0,0,0,1,1
3049,37.58704936,126.9807388,39.43333333,13242.85714,2,0.0,3,66.66666667,0.0,12,51,2,0,0,1,1,1,0,0,0,0,0,1,0,0,0,68,0,0,6,0,1,0,0,3,3,0,0,0,5,73,1,0,0,1,1
3050,37.58799429,126.9829352,41.25,13928.57143,2,0.0,2,100.0,0.0,11,27,2,0,0,1,1,1,0,0,0,0,0,1,0,0,0,41,0,0,3,0,0,0,0,2,2,0,0,0,5,56,1,0,0,1,1
3051,37.58416348,126.987346,43.21727273,15576.62338,2,0.0,11,90.90909091,0.0,16,39,1,0,1,3,0,0,0,0,0,0,0,2,2,0,0,67,0,0,5,0,1,0,0,4,3,0,0,0,5,43,1,0,0,1,3
3052,37.58367898,126.9836317,33.84571429,13734.69388,2,0.0,7,100.0,0.0,25,102,5,1,1,3,0,1,0,0,0,0,0,1,3,0,0,154,1,0,14,0,2,0,0,8,5,0,0,0,8,129,1,0,0,2,3
3053,37.58320112,126.9819326,29.0,13357.14286,2,0.0,2,100.0,0.0,25,105,4,1,1,3,0,0,0,0,0,0,0,1,2,0,0,153,1,0,14,0,2,1,0,7,5,0,0,0,7,137,1,0,0,2,2
3054,37.58260794,126.9808025,32.54,13857.14286,2,0.0,1,100.0,0.0,21,96,4,1,1,2,0,0,0,0,0,0,0,1,1,0,0,135,1,0,16,0,1,1,0,6,4,0,0,0,4,123,0,0,0,2,2
3055,37.58078526,126.9840986,41.17,19785.71429,2,0.0,7,71.42857143,0.0,30,120,5,1,1,11,3,0,0,1,0,0,0,5,5,0,0,243,1,1,40,0,4,3,0,11,10,0,0,0,10,258,0,0,0,1,4
3056,37.58146062,126.9859967,46.2,22857.14286,2,0.0,2,50.0,0.0,23,103,4,1,1,6,3,0,0,0,0,0,0,5,5,0,0,218,1,0,34,0,3,2,0,9,8,0,0,0,8,235,0,0,0,1,4
3057,37.58124515,126.9882175,43.97552083,18857.28571,2,0.0,96,55.20833333,3.125,24,48,4,0,1,5,4,0,0,0,0,0,0,5,2,0,0,125,0,0,17,0,2,1,0,8,5,0,0,0,7,150,0,0,0,1,3
3060,37.57769614,126.9846151,20.0,12285.71429,2,0.0,1,100.0,0.0,36,220,7,1,1,22,5,0,0,1,0,0,0,5,4,0,0,237,0,1,64,0,3,6,0,18,10,0,0,0,15,274,0,0,0,1,7
3062,37.57785528,126.9809837,52.89,45000.0,2,0.0,1,0.0,0.0,27,106,7,2,0,19,1,2,0,1,0,0,0,2,2,0,0,174,1,1,48,0,2,4,0,13,6,0,0,1,16,201,0,0,3,1,6
3064,37.59008079,126.9930571,24.232,8177.142857,2,0.0,5,40.0,0.0,15,1,0,1,0,4,2,1,0,0,0,0,0,1,2,0,0,26,1,0,3,0,2,4,2,10,1,2,0,0,5,31,1,3,0,0,0
3065,37.59029953,126.9943427,35.69571429,12212.2449,2,0.0,21,90.47619048,23.80952381,17,2,1,1,0,5,3,1,0,0,0,0,0,1,2,0,1,33,1,0,3,0,2,4,2,11,1,3,0,0,6,39,1,3,0,0,0
3066,37.5904185,126.9973853,41.84833333,16511.90476,2,0.0,18,55.55555556,16.66666667,16,3,1,1,0,7,7,0,0,0,0,0,0,2,9,0,1,49,1,0,5,0,2,4,3,12,1,4,0,0,7,47,1,3,1,1,0
3067,37.58948702,127.0003585,33.33506494,17687.94063,2,0.0,77,81.81818182,12.98701299,16,3,3,3,3,9,13,0,0,0,0,0,0,2,10,0,1,53,2,0,5,0,4,5,2,11,1,4,0,0,5,52,1,3,1,1,0
3068,37.58803844,126.9987829,23.44714286,15756.12245,2,0.0,70,90.0,18.57142857,21,6,4,5,3,18,29,0,0,0,1,0,1,2,13,0,1,108,2,0,45,0,6,7,3,21,6,5,0,0,16,143,2,5,2,1,0
3069,37.58744885,126.9972198,39.94461538,21013.18681,2,0.0,13,76.92307692,46.15384615,24,5,5,5,2,19,30,0,1,0,1,1,1,2,13,0,1,121,2,1,48,0,6,8,3,21,6,5,0,0,16,147,2,5,2,1,0
3070,37.58932714,126.9958794,34.27786667,12792.19048,2,0.0,75,76.0,13.33333333,17,3,1,1,0,8,7,0,0,0,0,0,0,2,9,0,1,52,1,0,5,0,2,5,3,14,2,4,0,0,8,53,1,3,1,1,0
3071,37.58768933,126.9955911,30.36932432,13172.39382,2,0.0,74,90.54054054,6.756756757,18,3,2,5,0,11,12,0,0,0,0,0,1,2,10,0,1,88,1,0,25,0,6,6,3,19,2,5,0,0,10,100,2,5,2,1,0
3073,37.58463522,126.9959817,23.57857143,12989.79592,2,0.0,154,82.46753247,0.649350649,19,4,6,7,0,21,33,0,1,0,1,1,3,1,11,0,0,146,0,1,115,0,6,9,1,20,6,4,0,0,18,230,2,8,3,1,1
3074,37.5847807,126.9981092,27.93238806,17267.80384,2,0.0,67,91.04477612,19.40298507,25,8,8,10,2,29,84,0,1,1,1,3,3,1,13,0,0,200,2,2,138,0,7,15,2,23,7,4,0,1,22,292,2,8,4,1,1
3075,37.58508631,126.9998213,38.16661667,20714.28571,2,0.0,6,100.0,16.66666667,26,12,8,9,3,29,122,0,1,1,1,3,3,2,14,0,0,226,1,2,146,0,7,14,2,24,8,3,0,1,24,321,2,8,4,1,2
3076,37.58773716,127.0016706,34.78428571,22026.73469,2,0.0,35,62.85714286,54.28571429,19,6,4,4,3,19,45,0,0,0,1,1,0,2,12,0,1,99,2,1,32,0,5,6,3,11,6,2,0,0,11,99,1,4,1,1,0
3078,37.58283588,127.0004003,32.19642857,23022.55102,2,0.0,14,42.85714286,57.14285714,24,14,9,9,3,27,171,1,1,1,1,3,3,2,10,0,0,253,1,2,154,0,5,19,2,22,10,2,0,1,26,405,1,5,4,1,2
3079,37.58187617,126.9998139,23.69166667,12630.47619,2,0.0,30,80.0,0.0,30,13,10,9,0,25,162,1,1,1,1,3,3,1,7,0,0,248,1,2,151,0,5,18,1,23,12,1,0,1,31,416,2,5,3,0,2
3081,37.57655528,126.9993035,29.30268293,14984.32056,2,0.243902439,41,87.80487805,0.0,32,3,8,4,0,10,15,1,0,0,0,1,0,2,14,0,0,110,0,0,17,0,3,9,0,23,8,1,0,0,25,138,2,0,5,1,0
3082,37.57873521,127.001276,34.59632911,14179.92767,2,0.0,79,75.94936709,0.0,32,12,10,5,0,14,132,2,0,1,0,2,1,3,12,0,0,192,1,0,86,0,4,17,0,22,8,1,0,1,23,339,2,2,7,1,1
3084,37.58397302,127.0036294,34.05166667,17668.45238,2,0.0,12,50.0,0.0,21,15,7,8,3,24,168,2,1,1,1,3,2,2,6,0,0,217,1,2,133,0,4,12,2,18,8,1,0,1,19,349,1,4,4,1,2
3085,37.5827093,127.0053153,36.48076923,15005.58608,2,0.0,78,50.0,0.0,10,14,4,4,3,16,154,2,1,1,0,2,0,1,3,0,0,162,1,1,98,0,1,12,1,13,8,0,0,1,14,285,0,1,2,0,1
3088,37.57889754,127.0063097,33.02818182,18545.02165,2,0.0,33,66.66666667,39.39393939,17,14,6,1,0,4,105,2,0,1,0,0,0,3,11,0,0,129,1,0,27,0,7,8,1,12,4,1,0,0,6,212,1,0,5,1,2
3089,37.57774175,127.0093985,40.62913793,11335.41872,2,0.0,58,41.37931034,0.0,5,8,5,1,0,4,18,1,0,0,0,0,0,2,16,0,0,63,3,0,9,0,9,3,1,9,1,1,0,0,5,78,1,1,5,3,6
3090,37.57815331,127.0099792,45.59555556,12492.06349,2,0.0,9,44.44444444,0.0,8,8,5,2,0,4,13,1,0,0,0,0,0,2,14,0,0,62,3,0,7,0,7,2,1,9,2,1,0,0,5,75,2,1,5,3,4
3091,37.57838909,127.0110706,29.01,9509.821429,2,0.0,4,75.0,25.0,12,5,4,2,0,4,4,1,0,1,0,0,0,2,11,0,0,47,3,0,6,0,5,1,2,10,2,0,0,0,3,67,2,0,1,3,5
3094,37.57920145,127.013862,42.2125,12012.14286,2,0.0,8,50.0,12.5,17,0,4,2,0,5,1,1,0,1,1,0,0,1,10,0,0,29,1,0,7,0,3,1,2,8,1,0,0,0,2,58,2,0,1,2,6
3095,37.57668599,127.0138301,34.10153846,12036.53846,2,0.0,26,57.69230769,15.38461538,24,0,5,6,0,56,1,1,0,2,1,1,0,2,13,0,0,61,2,1,29,0,9,13,6,15,6,2,0,0,11,206,2,3,3,3,10
3096,37.57627504,127.0113943,36.42461538,11973.62637,2,0.0,13,61.53846154,0.0,19,4,4,5,0,51,2,0,0,0,1,1,0,2,15,0,0,76,2,1,38,0,13,14,7,13,4,2,0,0,10,266,1,4,4,3,6
3097,37.57474488,127.0098267,40.1275,15164.07738,2,0.0,24,20.83333333,20.83333333,15,5,7,4,0,61,5,1,0,2,0,0,0,1,18,0,0,105,2,1,49,0,18,16,6,17,10,1,0,0,22,344,2,5,2,1,6
3098,37.57561916,127.0077226,31.375625,11143.30357,2,0.0,16,68.75,0.0,9,6,5,1,0,34,17,1,0,0,0,0,0,3,17,0,0,86,3,0,34,0,14,11,4,16,3,2,0,0,7,258,1,2,5,3,6
3099,37.57498402,127.0066192,36.70516129,15735.9447,2,0.0,31,45.16129032,22.58064516,21,6,8,3,0,59,23,1,0,0,0,1,0,4,21,0,0,118,3,0,44,0,15,18,2,22,6,2,0,0,12,296,2,2,5,3,3
3100,37.57672449,127.0052497,21.60204545,12297.72727,2,0.0,22,63.63636364,27.27272727,19,11,7,2,0,9,47,3,0,0,0,1,0,2,21,0,0,133,3,0,20,0,10,10,1,20,4,1,0,0,10,197,2,0,5,1,2
3101,37.57274003,127.0099969,41.58111111,16773.80952,2,0.0,9,55.55555556,11.11111111,23,1,6,5,0,82,2,1,0,2,0,1,0,2,12,0,0,122,2,1,58,0,13,21,6,18,14,1,0,0,26,408,2,5,1,2,5
3102,37.5745296,127.0119365,36.27,10680.10204,2,0.0,14,78.57142857,0.0,22,3,7,10,0,69,1,1,0,3,1,1,0,2,12,0,0,91,2,1,52,0,14,16,7,24,8,2,0,0,16,365,1,5,4,3,6
3103,37.57522484,127.0145707,33.35428571,11973.97959,2,0.0,28,78.57142857,7.142857143,28,2,6,8,0,58,1,1,0,3,1,1,0,3,13,0,0,74,3,1,50,0,12,15,9,21,8,2,0,0,14,318,2,6,4,4,8
3104,37.5732849,127.014601,18.79813559,16624.29056,2,0.677966102,59,72.88135593,100.0,26,4,6,8,1,67,0,1,0,3,1,1,0,2,10,0,0,78,2,1,57,0,11,16,9,26,9,2,0,0,18,368,1,8,3,2,7
3105,37.57365021,127.0126082,35.23574468,14451.36778,2,0.0,47,68.08510638,21.27659574,25,3,6,9,0,69,1,1,0,4,1,1,0,2,11,0,0,89,2,2,57,0,12,16,7,25,10,2,0,0,21,380,1,5,3,2,4
3108,37.57865448,127.016756,32.26829787,11848.10638,2,0.191489362,47,59.57446809,27.65957447,16,0,4,2,0,10,0,1,0,1,1,0,0,2,7,0,0,25,1,0,12,0,1,2,2,10,2,0,0,0,2,72,1,0,1,2,7
3109,37.57611545,127.0164689,37.907,13950.0,2,0.0,10,40.0,40.0,33,2,6,7,0,53,0,1,0,3,1,1,0,3,11,0,0,47,2,1,23,0,9,12,6,22,7,1,0,0,12,121,2,6,3,3,9
3110,37.57739399,127.0202325,39.41786885,15198.82904,2,0.0,61,49.18032787,9.836065574,20,0,2,5,0,11,0,1,0,0,0,0,1,2,11,0,0,16,0,0,8,0,7,4,5,20,4,1,0,0,9,58,1,10,0,2,6
3111,37.57700252,127.0223357,29.089,13625.71429,2,0.0,10,60.0,10.0,10,0,1,4,0,1,0,1,0,0,0,0,1,1,10,0,0,2,0,0,4,0,6,2,3,16,3,2,0,0,9,2,0,10,0,1,4
3112,37.57544903,127.0198297,28.425625,12498.95,2,0.2125,80,75.0,45.0,20,3,4,8,1,34,0,1,0,1,1,1,1,3,10,0,0,25,1,1,18,0,7,10,5,25,4,3,0,0,12,74,1,10,2,2,5
3113,37.57449344,127.0172704,35.93043478,17933.22981,2,0.217391304,46,82.60869565,32.60869565,30,4,6,11,1,55,0,1,0,2,1,1,1,3,10,0,0,48,1,1,34,0,9,13,7,28,7,3,0,0,18,178,2,12,3,4,8
3114,37.57233962,127.0169955,19.82074074,15753.0,2,0.955555556,135,58.51851852,86.66666667,29,4,4,6,1,54,0,0,0,2,1,1,0,1,6,0,0,48,1,1,38,0,6,11,6,25,8,2,0,0,18,219,1,10,3,2,4
3115,37.5735267,127.0201851,22.1216,17664.45714,2,0.936,125,48.8,89.6,23,4,4,7,1,45,0,1,0,2,1,1,1,2,8,0,0,24,1,1,22,0,8,10,4,25,6,3,0,0,14,77,0,11,2,2,4
3116,37.57366205,127.0224594,24.2073384,18110.04074,2,1.0,526,72.43346008,74.52471483,14,1,2,4,1,2,0,0,0,0,0,0,1,2,8,0,0,5,1,0,8,0,6,2,3,16,3,2,0,0,9,7,0,10,0,1,3
3122,37.57464673,127.0028721,24.73,25571.42857,2,1.0,1,100.0,100.0,35,5,14,4,0,74,23,1,0,1,0,1,0,3,18,0,0,154,3,0,48,0,11,32,1,34,8,1,0,0,26,327,3,0,5,2,1
3123,37.57474296,127.0046466,40.695,17214.28571,2,0.333333333,6,50.0,0.0,32,8,12,3,0,70,23,1,0,1,0,1,0,3,19,0,0,128,3,0,38,0,9,29,1,24,4,1,0,0,21,295,2,0,5,2,2
3126,37.57215358,127.0041407,18.32526316,17815.78947,2,1.0,19,63.15789474,100.0,35,4,12,5,0,92,9,2,0,1,0,0,0,1,14,0,0,160,3,0,52,0,8,44,3,26,15,1,0,0,37,379,2,0,2,1,2
3127,37.57504383,126.9991638,22.87781818,20838.54545,2,0.836363636,55,56.36363636,80.0,38,3,11,6,1,31,13,2,0,0,0,1,0,1,13,0,0,125,1,0,27,0,5,21,0,27,10,1,0,0,29,196,3,0,2,0,1
3128,37.57406037,126.9994346,25.89428571,15681.08163,2,0.928571429,14,85.71428571,28.57142857,37,4,13,6,1,50,13,2,0,1,0,1,0,0,11,0,0,122,3,0,37,0,4,33,2,28,11,1,0,0,29,242,1,0,2,0,1
3129,37.5721721,127.0002866,23.1562963,17881.32275,2,0.814814815,27,55.55555556,100.0,41,4,11,6,1,64,8,2,1,1,0,1,0,1,11,0,0,124,3,0,41,0,3,36,2,29,10,1,0,0,33,270,1,0,1,1,1
3130,37.57186028,126.9992328,18.2,17466.94805,2,1.0,22,63.63636364,100.0,39,8,12,6,1,58,8,2,1,1,0,0,0,0,11,0,0,122,2,0,39,0,5,34,2,27,10,0,0,0,33,216,1,0,1,0,1
3131,37.57623773,126.9892409,21.8425,15035.71429,2,0.0,8,100.0,50.0,27,187,7,2,0,24,7,1,2,2,0,0,0,4,3,0,0,207,0,1,161,0,3,7,0,25,9,0,0,0,20,254,0,3,0,1,1
3132,37.57475974,126.9891514,19.64285714,13122.44898,2,0.857142857,21,90.47619048,0.0,28,199,7,2,0,35,9,1,3,3,0,0,0,0,6,0,0,217,1,1,216,0,4,8,0,29,13,0,0,0,33,232,1,6,0,1,2
3139,37.57149707,126.9905283,22.1,18142.85714,2,1.0,2,100.0,100.0,36,93,12,7,0,53,8,2,3,3,0,2,2,0,6,0,0,171,2,1,277,0,10,15,0,34,11,0,0,0,32,189,1,12,2,1,2
3140,37.57172843,126.9886206,28.69,15809.52381,2,1.0,3,66.66666667,0.0,38,175,12,12,0,67,9,1,3,3,0,3,3,0,7,0,0,213,3,1,355,0,10,20,0,41,15,0,0,0,39,257,1,14,5,1,2
3147,37.57609313,126.9855758,38.01625,22616.07143,2,1.0,16,43.75,0.0,34,243,8,2,0,35,8,0,2,1,0,0,0,2,5,0,0,240,2,1,111,0,2,8,0,23,14,0,0,0,24,301,0,0,4,2,7
3150,37.57278333,126.9820823,36.69,22706.34921,2,1.0,9,33.33333333,0.0,49,206,10,19,0,88,8,1,0,2,0,2,2,0,4,0,0,222,2,2,178,0,8,20,0,38,25,1,0,1,56,216,1,3,22,0,5
3157,37.570719,126.9803715,39.47142857,24653.06122,2,1.0,7,71.42857143,0.0,41,39,8,19,0,87,5,0,0,2,0,3,2,0,3,0,0,188,2,1,158,0,7,16,0,31,27,1,0,1,54,205,1,3,20,0,4
3165,37.57126717,126.9625998,26.51,25428.02521,2,1.0,34,67.64705882,100.0,53,6,3,7,1,39,0,2,0,0,3,1,0,2,15,0,1,63,2,0,18,0,6,13,9,15,5,3,0,1,15,203,2,1,4,3,3
3166,37.57236533,126.9640747,53.91571429,17483.67347,2,0.0,7,100.0,0.0,50,12,2,7,1,36,1,2,0,0,3,1,0,2,10,0,1,69,2,0,14,0,5,11,9,12,4,3,0,1,7,160,1,1,3,3,3
3167,37.57316534,126.9665218,39.50142857,13052.5102,2,0.0,7,57.14285714,0.0,26,18,4,13,1,19,1,4,0,0,2,1,0,3,11,0,1,101,2,0,32,0,4,7,9,10,3,2,0,0,7,108,1,0,8,2,1
3168,37.5742115,126.9684695,39.54,29103.57143,2,1.0,16,37.5,0.0,22,19,6,21,1,41,2,3,0,1,1,0,0,2,12,0,1,167,1,1,80,0,4,9,2,17,6,3,0,1,19,187,1,1,12,1,3
3169,37.57525182,126.9705457,25.89,15100.0,2,1.0,5,60.0,0.0,27,34,7,22,1,50,2,2,0,1,2,0,0,2,8,0,0,261,2,1,114,0,5,9,2,19,13,4,0,1,22,302,3,1,14,1,2
3173,37.57283452,126.9739429,36.14717647,23315.12605,2,1.0,85,69.41176471,0.0,35,27,12,24,1,78,7,3,1,2,1,1,0,0,6,0,0,244,2,1,107,0,4,15,2,27,21,2,0,3,42,280,3,1,17,1,1
3174,37.57350325,126.9715525,37.52296296,25958.20106,2,1.0,27,48.14814815,0.0,35,29,10,24,1,62,7,3,1,1,1,0,0,0,6,0,0,247,3,1,119,0,3,13,2,25,15,3,0,2,31,292,2,1,17,1,2
3175,37.57206471,126.971339,57.29,26285.71429,2,0.0,1,100.0,0.0,28,30,11,24,1,73,7,3,1,2,1,1,0,0,6,0,0,219,1,1,92,0,3,15,2,24,22,2,0,2,31,243,2,1,17,1,1
3176,37.57220858,126.9690576,40.57888889,33613.49206,2,0.0,9,33.33333333,66.66666667,28,25,9,24,1,46,2,4,1,0,2,1,0,1,9,0,1,179,2,0,55,0,4,11,7,20,18,2,0,1,23,192,2,0,14,1,2
3178,37.57071968,126.9669176,43.5856,18813.62857,2,0.0,25,40.0,0.0,45,22,5,15,1,47,1,3,1,0,3,1,0,2,10,0,1,98,2,0,22,0,5,19,8,13,12,1,0,1,18,203,1,1,8,2,2
3184,37.56891256,126.9708012,46.95,63064.28571,2,1.0,2,50.0,100.0,21,19,6,14,0,41,1,3,1,1,0,0,0,0,4,0,0,129,1,0,39,0,1,15,1,16,19,1,0,2,16,161,1,0,9,1,0
3189,37.56938521,126.9845141,23.86,14928.57143,2,1.0,1,100.0,0.0,40,94,10,20,0,82,7,1,2,1,0,4,3,0,4,0,0,168,4,2,236,0,6,19,0,37,20,1,0,0,38,213,1,13,20,0,1
3191,37.5691204,126.9886783,19.34,21071.42857,2,1.0,2,50.0,100.0,30,45,10,12,0,58,7,1,3,4,0,3,3,0,6,0,0,142,3,1,302,0,9,18,0,29,13,0,0,0,31,204,1,14,5,0,0
3192,37.56934808,126.9908664,17.92086957,19665.74224,2,0.826086957,46,50.0,100.0,32,22,11,7,0,48,8,1,3,3,0,2,3,0,4,0,0,134,2,1,237,0,9,14,0,28,8,0,0,0,28,153,1,12,2,0,1
3195,37.5700748,126.9999368,18.97,21206.42857,2,1.0,40,50.0,100.0,34,8,10,3,1,57,8,0,1,1,0,0,0,0,10,0,0,103,2,0,37,0,3,36,2,21,9,0,0,0,30,234,1,0,1,0,1
3600,37.60389691,126.9494109,36.1625,14824.28571,1,0.0,20,25.0,60.0,7,0,1,1,0,1,0,0,0,0,0,0,0,0,4,0,0,13,0,0,1,0,3,0,1,3,0,1,0,0,0,19,0,1,2,0,0
3601,37.60239231,126.9497891,45.78125,20004.46429,1,0.0,8,50.0,62.5,10,0,1,2,0,7,0,0,0,0,0,0,0,0,6,0,0,21,0,0,5,0,4,3,4,5,1,1,0,0,3,60,0,3,2,3,0
3602,37.601228,126.9479106,35.90203704,16431.74603,1,0.0,27,33.33333333,70.37037037,16,0,1,2,0,9,0,0,0,0,0,0,0,0,8,0,0,32,0,0,8,0,6,4,4,8,1,1,0,0,4,80,0,3,3,3,0
3605,37.59978925,126.9487263,32.26666667,11951.71429,1,0.0,6,50.0,50.0,23,0,1,3,1,9,0,0,0,0,0,0,0,0,13,0,0,39,0,0,11,0,7,4,4,10,1,1,0,0,5,96,1,3,5,3,0
3606,37.59977306,126.9502362,40.30933333,10323.90476,1,0.0,15,53.33333333,0.0,22,0,1,3,0,9,0,0,0,0,0,0,0,0,12,0,0,38,0,0,11,0,7,4,4,10,1,1,0,0,5,94,1,3,5,3,1
3607,37.59784813,126.9507556,29.8776,8714.611429,1,0.0,25,40.0,20.0,32,0,2,3,1,8,0,1,0,0,0,0,0,0,14,0,1,39,1,0,10,0,7,5,4,11,1,1,0,0,5,101,1,3,5,6,3
3608,37.59729779,126.9552635,25.14909091,10532.46753,1,0.0,11,81.81818182,63.63636364,24,5,1,0,0,0,0,0,0,0,2,0,0,0,2,0,0,13,1,0,4,0,2,0,0,3,0,0,0,0,1,27,0,0,0,0,5
3614,37.59616005,126.9407314,27.755,13964.28571,1,0.0,4,50.0,100.0,21,0,2,0,1,9,0,0,0,0,1,0,0,0,6,0,0,26,0,0,8,0,3,5,0,5,1,0,0,0,2,54,0,1,2,0,0
3617,37.59753672,126.9481497,35.21277778,13737.30159,1,0.0,18,55.55555556,22.22222222,35,0,2,3,1,12,0,1,0,0,0,0,0,0,16,0,1,48,1,0,14,0,10,7,4,15,2,1,0,0,10,136,1,3,5,6,3
3618,37.59582139,126.9493625,54.15,13650.0,1,0.0,2,0.0,0.0,40,0,1,3,1,11,0,1,0,0,0,0,0,0,19,0,1,49,1,0,21,0,10,7,5,12,2,0,0,0,13,150,1,3,4,6,3
3619,37.59581557,126.947883,38.23189189,15020.93436,1,0.0,37,59.45945946,83.78378378,41,0,1,3,1,14,0,1,0,0,0,0,0,0,21,0,1,62,1,0,25,0,10,8,5,13,2,1,0,0,14,171,1,3,4,6,3
3620,37.5940833,126.9508214,40.97710526,12990.6015,1,0.0,38,50.0,18.42105263,41,0,1,2,1,6,0,1,0,0,0,0,0,0,17,0,1,44,1,0,22,0,8,4,2,12,1,1,0,0,11,101,1,1,4,3,5
3622,37.59279688,126.9498719,34.8985,13337.5,1,0.0,20,60.0,35.0,41,0,1,3,1,9,0,1,0,0,0,0,0,0,19,0,1,41,1,0,22,0,11,5,2,11,2,1,0,0,12,118,1,1,4,3,4
3624,37.59136573,126.946207,37.08,15050.66964,1,0.0,32,68.75,43.75,42,2,3,9,1,89,0,2,0,1,2,1,2,0,33,0,1,87,2,2,53,0,11,29,7,14,7,2,0,0,18,281,0,5,9,6,5
3625,37.59150309,126.9481114,39.92019231,14722.82967,1,0.0,26,53.84615385,23.07692308,41,2,2,7,1,67,0,2,0,1,0,1,1,0,23,0,1,62,2,2,32,0,11,24,7,13,5,1,0,0,18,203,1,3,8,3,4
3628,37.5909342,126.9438477,38.38,24436.95652,1,0.0,23,0.0,86.95652174,35,2,4,9,1,92,0,1,0,1,2,1,2,0,29,0,0,81,1,2,54,0,9,28,7,12,7,2,0,0,17,279,0,5,7,3,4
3629,37.58947284,126.9446618,31.58730769,13068.13187,1,0.0,26,84.61538462,23.07692308,32,2,4,13,1,107,0,1,0,1,2,1,2,0,37,0,0,88,1,2,56,0,9,30,8,14,7,2,0,0,18,278,1,5,10,3,6
3630,37.58779216,126.946969,35.64171053,18625.09398,1,0.0,76,47.36842105,56.57894737,31,2,1,12,2,97,0,1,0,1,2,1,2,0,34,0,0,71,1,2,43,0,9,28,7,17,7,3,0,0,15,218,1,4,8,5,5
3632,37.58619593,126.9482543,37.24365385,12944.09341,1,0.0,52,61.53846154,17.30769231,30,1,3,11,1,79,0,2,0,2,2,1,1,0,23,0,0,56,1,2,26,0,9,21,3,16,3,2,0,0,9,145,1,4,9,5,4
3633,37.58447809,126.9499419,42.03181818,9163.636364,1,0.0,11,72.72727273,0.0,22,1,3,9,1,35,0,1,0,1,2,0,0,0,19,0,0,29,0,0,11,0,8,9,3,12,1,1,0,0,6,85,1,3,8,2,4
3636,37.58975731,126.9424858,29.91333333,22373.01587,1,1.0,9,100.0,100.0,30,2,4,10,1,90,0,1,0,1,2,1,2,0,26,0,0,76,1,2,56,0,4,27,6,10,6,2,0,0,11,245,1,4,7,3,6
3637,37.58851641,126.9424011,31.49230769,12021.97802,1,0.0,26,61.53846154,34.61538462,31,2,4,12,1,101,0,1,0,1,2,1,2,0,29,0,0,69,1,2,46,0,7,28,6,13,7,1,0,0,13,230,1,4,9,3,6
3639,37.58705903,126.9420041,37.677,11745.71429,1,0.0,20,25.0,0.0,27,2,2,11,1,93,0,1,0,1,1,1,2,0,24,0,0,58,1,2,40,0,5,25,5,17,6,1,0,0,11,178,1,4,9,3,6
3640,37.58746009,126.9372396,41.33181818,14648.48052,1,0.0,22,36.36363636,36.36363636,25,0,4,2,0,0,0,0,0,0,0,0,0,0,10,0,0,21,1,0,7,0,3,0,1,13,0,1,0,0,4,37,0,0,1,0,4
3641,37.58607811,126.9364986,35.81444444,11180.95238,1,0.0,9,11.11111111,44.44444444,27,0,3,2,0,3,0,0,0,0,0,0,0,0,8,0,0,23,1,0,6,0,4,2,1,15,0,1,0,0,4,47,0,2,1,0,4
3642,37.58473411,126.9373525,41.844,14047.78571,1,0.0,10,50.0,20.0,30,0,3,2,0,5,0,0,0,0,0,0,0,0,9,0,0,24,1,0,6,0,5,4,1,11,0,1,0,0,3,57,0,4,1,0,4
3643,37.58379587,126.9380453,39.72454545,14734.85714,1,0.0,11,45.45454545,54.54545455,23,0,3,2,0,5,0,0,0,0,0,0,0,0,10,0,0,24,1,0,4,0,4,4,1,13,1,1,0,0,4,57,0,4,1,0,4
3644,37.58466727,126.939649,34.195,19521.42857,1,0.0,10,90.0,70.0,19,0,3,2,0,5,0,0,0,0,0,0,0,0,16,0,0,33,1,0,12,0,3,3,1,16,1,1,0,0,5,49,0,4,1,0,4
3645,37.58636288,126.9431149,31.14625,14901.78571,1,0.0,8,62.5,62.5,28,2,1,12,1,93,0,1,0,1,1,1,2,0,26,0,0,56,1,2,34,0,4,24,5,15,5,2,0,0,10,163,1,4,10,3,6
3646,37.58683388,126.9452242,34.23766667,16990.0,1,0.1,30,40.0,43.33333333,28,2,1,12,2,96,0,1,0,1,2,1,2,0,31,0,0,58,1,2,34,0,9,26,6,18,5,2,0,0,13,185,1,4,9,5,4
3647,37.59284187,126.9396497,43.16818182,24190.90909,1,0.727272727,11,0.0,54.54545455,34,1,5,4,1,35,0,0,0,0,2,0,0,0,14,0,0,34,0,0,21,0,2,12,4,5,3,0,0,0,5,126,0,1,4,0,1
3649,37.59447317,126.9332911,43.23428571,13263.64286,1,0.0,14,78.57142857,7.142857143,8,0,1,0,0,0,0,1,0,0,0,0,0,0,4,0,0,1,0,0,0,0,1,0,0,1,0,0,0,0,0,5,0,0,0,0,4
3650,37.59196602,126.9338406,47.00175439,15109.27068,1,0.0,57,47.36842105,31.57894737,16,0,1,0,0,0,0,1,0,0,0,0,0,0,6,0,0,6,0,0,2,0,2,0,0,4,0,0,0,0,2,20,0,0,0,0,4
3651,37.58680361,126.9324476,36.16985507,11682.42236,1,0.0,69,36.23188406,39.13043478,28,0,1,0,0,0,0,0,0,0,0,0,0,0,5,0,0,14,1,0,2,0,3,0,0,9,0,0,0,0,4,30,0,0,1,0,3
3652,37.58418756,126.934698,48.22545455,26436.36364,1,0.0,11,36.36363636,81.81818182,37,0,3,3,0,5,0,0,0,0,0,0,0,0,12,0,1,27,1,0,3,0,5,4,1,11,0,1,0,0,3,64,1,4,1,2,1
3653,37.58176709,126.9366449,24.4,11385.71429,1,0.8,10,80.0,0.0,26,0,4,3,0,6,0,0,0,0,0,0,0,0,10,0,1,31,1,0,4,0,5,5,1,11,1,1,0,0,2,62,1,4,0,2,1
3654,37.58149521,126.9340974,50.90333333,17178.57143,1,0.0,6,50.0,16.66666667,33,0,5,3,0,8,0,0,0,0,0,0,0,0,10,0,1,29,1,0,5,0,5,5,1,8,1,1,0,0,2,71,1,5,0,2,2
3655,37.585307,126.9244859,43.2075,11161.90476,1,0.0,12,16.66666667,8.333333333,17,1,2,2,0,3,0,0,0,0,1,0,2,0,15,0,0,40,0,0,11,0,6,1,1,16,1,1,0,0,10,104,0,7,4,0,1
3656,37.58502143,126.9266677,35.05266667,14537.14286,1,0.0,15,40.0,46.66666667,19,1,2,3,0,3,0,0,0,0,1,0,2,0,14,0,0,39,0,0,11,0,5,1,1,15,1,1,0,0,10,122,0,10,4,0,2
3657,37.58011144,126.9326101,58.79,20000.0,1,0.0,1,100.0,0.0,35,2,5,4,1,10,0,0,0,0,0,0,0,0,14,0,1,36,0,0,8,0,5,7,0,10,2,0,0,0,4,96,1,5,0,2,2
3658,37.58030121,126.9347932,37.138,18090.71429,1,0.4,10,30.0,70.0,31,1,4,2,0,10,0,0,0,0,0,0,0,0,12,0,1,32,1,0,7,0,4,6,1,8,1,1,0,0,2,85,1,5,0,2,2
3659,37.58119473,126.9282375,34.08433333,14778.78571,1,0.033333333,60,58.33333333,23.33333333,28,1,6,7,1,5,0,0,0,0,1,1,7,0,21,0,1,69,0,1,35,0,5,3,1,24,3,2,0,0,19,192,1,12,2,3,0
3660,37.57851437,126.9346561,35.42083333,20702.69841,1,0.416666667,36,44.44444444,77.77777778,33,2,5,2,1,10,0,0,0,0,0,0,0,0,14,0,1,39,0,0,8,0,5,6,0,9,2,0,0,0,4,92,1,5,0,2,3
3661,37.57751823,126.9338934,41.06333333,17386.77249,1,0.0,27,55.55555556,48.14814815,32,2,8,3,1,8,0,0,0,0,0,0,0,0,14,0,1,41,0,0,7,0,4,4,0,8,2,0,0,0,5,88,1,3,0,5,4
3662,37.58011931,126.9264168,31.16304348,14588.04348,1,0.0,46,67.39130435,71.73913043,26,1,8,9,1,23,0,0,0,0,2,1,7,0,28,0,1,91,1,1,48,0,12,11,3,30,5,3,0,0,24,265,1,17,4,3,0
3663,37.57873142,126.9283745,27.30862069,12631.03448,1,0.0,29,62.06896552,68.96551724,28,5,7,7,1,18,0,0,0,0,2,1,7,0,26,0,1,85,1,1,49,0,7,10,2,24,3,2,1,0,18,233,1,15,4,3,1
3664,37.57793858,126.9271433,38.26928571,17291.18027,1,0.0,42,47.61904762,59.52380952,27,4,7,9,1,23,0,0,0,0,2,1,7,0,26,0,0,89,1,1,48,0,8,13,2,25,5,2,1,0,20,252,1,15,4,3,1
3665,37.57871187,126.9237773,22.90588889,11934.60317,1,0.0,45,91.11111111,51.11111111,29,2,4,10,1,32,0,0,0,0,3,1,7,0,31,0,0,103,1,1,47,0,13,14,5,28,5,3,1,0,22,277,1,16,7,3,0
3666,37.57725974,126.9255743,33.9064,12905.71429,1,0.04,25,64.0,12.0,25,4,6,9,1,32,0,0,0,0,2,1,7,0,29,0,0,101,1,1,47,0,9,15,4,27,6,3,1,0,23,251,1,15,8,3,1
3667,37.58357553,126.9148179,38.44571429,14312.94286,1,0.0,35,57.14285714,34.28571429,26,1,1,8,0,16,0,0,0,0,1,0,0,0,20,0,0,43,1,0,38,0,3,6,2,21,4,2,0,0,13,153,0,5,1,2,0
3668,37.58228746,126.9175805,39.25,15385.15406,1,0.0,51,50.98039216,25.49019608,27,0,2,6,0,12,0,0,0,0,1,0,0,0,19,0,0,28,0,0,28,0,5,5,0,18,2,2,0,0,11,126,0,4,0,0,0
3669,37.58197013,126.9157055,39.48375,15335.95238,1,0.0,48,43.75,22.91666667,31,1,1,7,0,18,0,0,0,0,3,0,0,0,21,0,0,39,1,0,41,0,5,6,1,23,4,3,0,0,15,161,0,5,1,2,0
3670,37.58047521,126.9166729,48.975,15635.71429,1,0.0,2,50.0,0.0,27,1,1,9,0,24,0,0,0,0,4,0,0,0,15,0,0,36,0,0,35,0,3,9,2,22,5,1,0,0,14,134,0,3,2,2,0
3671,37.58160294,126.919445,35.22380435,13147.9472,1,0.0,46,56.52173913,17.39130435,27,0,3,5,0,14,0,0,0,0,1,1,6,0,18,0,0,64,0,1,21,0,8,9,1,25,3,2,0,0,17,157,1,4,3,0,0
3672,37.58311384,126.9220561,30.72333333,11811.02757,1,0.0,57,64.9122807,43.85964912,24,1,3,4,0,5,0,0,0,0,1,1,7,0,19,0,0,69,0,1,29,0,8,3,1,29,3,1,0,0,21,193,1,11,4,0,0
3673,37.58096028,126.9228976,27.76475862,11037.69458,1,0.0,145,68.96551724,24.13793103,31,1,3,11,0,26,0,0,0,0,2,1,7,0,26,0,0,104,0,1,45,0,11,13,4,33,6,2,0,0,28,279,1,16,8,3,0
3675,37.58258462,126.9247555,35.97609091,15592.98182,1,0.054545455,55,76.36363636,45.45454545,27,1,3,7,0,5,0,0,0,0,1,1,7,0,22,0,0,83,0,1,34,0,8,4,1,29,3,2,0,0,22,217,1,12,4,3,0
3676,37.58550256,126.9137211,34.25192308,18933.65385,1,0.0,52,48.07692308,69.23076923,13,1,1,6,0,9,0,0,0,0,1,0,0,0,12,0,0,24,0,0,24,0,1,4,0,8,2,1,0,0,7,86,0,3,1,2,0
3677,37.58385108,126.912294,37.12421429,16228.04082,1,0.0,35,57.14285714,28.57142857,20,1,2,8,0,15,0,0,0,0,3,0,0,0,17,0,0,43,1,0,40,0,3,5,2,17,4,2,0,0,11,146,0,5,1,2,0
3678,37.58249227,126.911134,40.52908602,16487.39785,1,0.032258065,93,53.76344086,25.80645161,22,1,3,10,0,21,0,0,0,0,4,0,0,0,17,0,0,52,1,0,41,0,4,8,2,21,4,2,0,1,12,169,0,5,3,2,1
3679,37.58047272,126.9104453,36.47111111,20110.79365,1,0.0,36,33.33333333,77.77777778,23,1,7,10,0,33,0,0,0,0,5,1,0,0,18,0,0,60,1,1,40,0,4,12,2,26,6,3,0,1,12,187,0,4,4,2,1
3680,37.5805829,126.9083946,38.989,17684.84694,1,0.0,70,44.28571429,44.28571429,21,1,6,9,0,30,0,0,0,0,4,1,0,0,14,0,0,50,1,1,26,0,4,11,2,19,6,2,0,1,10,144,0,4,4,2,1
3681,37.57903753,126.9093758,39.20222222,19034.92063,1,0.0,18,16.66666667,55.55555556,19,1,6,6,0,30,0,0,0,0,4,1,0,0,14,0,0,47,1,1,29,0,4,10,2,21,6,2,0,1,9,147,1,2,3,2,1
3682,37.58102002,126.9135321,38.18204545,19342.20779,1,0.0,44,63.63636364,77.27272727,30,1,4,11,0,32,0,0,0,0,5,0,0,0,20,0,0,56,1,1,43,0,5,11,3,27,6,4,0,1,16,168,0,5,4,2,1
3683,37.57915681,126.9123622,42.92789474,15471.05263,1,0.0,19,47.36842105,36.84210526,28,1,7,11,0,44,0,1,0,0,6,1,0,0,20,0,0,65,1,1,40,0,6,18,4,27,6,3,0,1,15,191,1,3,5,2,1
3684,37.57930497,126.913825,39.65456522,16392.45031,1,0.0,46,34.7826087,47.82608696,32,1,7,11,0,43,0,1,0,0,6,2,0,0,17,0,0,55,1,1,41,0,5,18,3,27,6,3,0,1,16,178,1,3,4,2,1
3685,37.57894566,126.9150851,47.08626866,18008.72068,1,0.0,67,49.25373134,34.32835821,32,1,5,10,0,41,0,1,0,0,6,1,0,0,15,0,0,52,1,1,38,0,5,14,6,23,8,3,0,1,15,160,1,2,4,2,1
3690,37.57635345,126.9128622,38.375,7214.285714,1,0.0,1,100.0,0.0,18,0,8,6,0,39,0,1,0,0,7,2,0,0,13,0,0,45,0,1,16,0,4,14,5,20,5,3,0,1,12,118,1,1,4,2,1
3691,37.577865,126.9117434,42.83625,13955.35714,1,0.0,8,50.0,12.5,23,1,7,7,0,38,0,1,0,0,5,1,0,0,19,0,0,55,1,1,34,0,6,16,5,23,5,3,0,1,14,180,1,2,4,4,1
3692,37.57657818,126.9231525,37.78571429,17997.18367,1,0.0,21,33.33333333,38.0952381,25,2,7,6,1,30,0,0,0,0,2,1,5,0,29,0,0,92,1,1,40,0,9,16,6,26,6,3,1,0,25,198,1,6,7,5,0
3693,37.57494199,126.9239983,34.46882353,12672.34454,1,0.0,34,58.82352941,32.35294118,27,2,8,5,1,30,0,1,0,0,2,0,1,0,28,0,0,82,1,0,25,0,9,15,7,18,4,3,1,0,17,154,0,5,7,5,1
3694,37.57590811,126.9218886,42.4375,12346.78571,1,0.0,4,25.0,25.0,25,2,6,5,1,32,0,0,0,0,2,1,4,0,25,0,0,92,1,0,32,0,8,15,6,21,5,3,1,0,18,180,0,5,7,5,0
3695,37.57523386,126.9295832,44.48454545,14649.35065,1,0.0,11,63.63636364,18.18181818,25,5,6,0,1,10,0,0,0,0,1,0,0,0,17,0,0,32,1,0,14,0,4,5,1,13,1,1,1,0,5,72,0,2,1,0,4
3696,37.57626401,126.9329931,33.64351351,12632.81853,1,0.0,37,51.35135135,40.54054054,28,3,7,3,1,7,0,3,0,0,1,0,0,0,13,0,0,40,0,0,7,0,2,3,0,10,2,0,0,0,5,74,1,1,0,5,5
3697,37.57312647,126.9337963,22.87117647,12606.38655,1,0.176470588,17,76.47058824,41.17647059,19,3,1,7,0,7,0,3,0,0,3,0,0,0,10,0,0,48,1,0,11,0,2,1,1,12,4,2,0,0,6,67,1,0,1,3,5
3698,37.57159712,126.9309501,25.3103125,18258.23214,1,0.625,32,81.25,25.0,28,2,1,13,0,15,0,3,0,0,4,0,0,0,11,0,0,96,1,0,19,0,1,6,2,11,6,2,0,1,10,85,1,1,5,3,2
3699,37.57093721,126.9336667,43.935,33761.90476,1,0.0,6,33.33333333,83.33333333,24,2,1,13,0,16,0,3,0,0,4,0,0,0,9,0,0,85,1,0,18,0,1,6,1,12,6,2,0,1,11,90,1,1,4,3,1
3700,37.57276415,126.9244969,43.71794872,14765.20147,1,0.0,39,56.41025641,5.128205128,24,2,5,0,1,12,0,1,0,0,1,0,0,0,26,0,0,35,1,0,12,0,6,6,2,11,0,1,1,0,7,73,0,1,4,2,1
3701,37.57066596,126.9265023,44.296,17857.14286,1,0.0,5,40.0,0.0,21,7,3,5,0,5,0,1,0,0,1,0,0,0,18,0,0,93,0,0,21,0,3,4,3,11,2,1,0,1,4,77,1,0,8,0,1
3702,37.57104453,126.9287423,34.20125,14688.54464,1,0.375,16,62.5,25.0,28,8,2,12,0,19,0,1,0,0,4,0,1,0,14,0,0,118,1,0,26,0,4,9,3,10,6,2,0,1,9,98,1,1,9,0,2
3703,37.56884822,126.9301807,18.92833333,14244.04762,1,0.5,12,75.0,41.66666667,28,6,3,17,0,29,1,0,1,0,4,1,1,0,11,0,0,153,1,1,46,0,6,10,3,18,6,3,0,1,11,160,1,5,10,0,0
3704,37.56908229,126.9262719,42.29,24054.28571,1,0.0,5,40.0,40.0,25,7,3,14,0,18,1,1,0,0,1,1,1,0,15,0,0,152,0,1,39,0,6,8,3,11,4,1,1,1,6,136,1,1,10,0,0
3705,37.57015962,126.9211703,51.15833333,17571.42857,1,0.0,6,50.0,0.0,18,1,7,3,1,10,0,1,0,0,0,0,0,0,18,0,0,50,0,1,11,0,5,5,3,9,1,2,0,0,7,60,1,0,5,2,0
3706,37.56778494,126.9216669,35.64971429,18319.18367,1,0.114285714,35,57.14285714,34.28571429,26,8,6,5,0,10,0,2,0,0,0,0,0,0,16,0,0,163,0,0,8,0,5,3,1,11,1,3,1,0,8,53,1,0,3,1,0
3707,37.56734094,126.9276583,28.12066667,14976.19048,1,0.0,15,86.66666667,13.33333333,26,8,4,21,1,29,1,1,1,0,3,1,1,0,15,0,0,205,0,1,46,0,8,10,2,22,5,3,1,1,9,180,1,2,9,0,0
3708,37.56702456,126.9303158,20.70111111,14350.05291,1,0.555555556,27,55.55555556,44.44444444,28,6,4,17,1,30,1,0,1,0,4,1,1,0,12,0,0,164,1,1,43,0,6,11,2,24,6,4,0,1,12,167,1,5,10,0,0
3712,37.56982364,126.9161175,37.33555556,17890.47619,1,0.0,9,44.44444444,33.33333333,25,2,8,7,0,43,0,0,0,1,2,0,0,0,14,0,0,63,0,1,25,0,6,12,3,13,4,3,0,0,13,132,1,0,5,2,1
3713,37.57840925,126.906003,43.33818182,14263.8961,1,0.0,44,27.27272727,0.0,12,0,6,6,0,18,0,0,0,0,4,1,0,0,7,0,0,31,0,1,6,0,4,7,0,12,2,2,0,1,3,97,0,0,3,0,1
3714,37.57673636,126.9067011,41.8989,13131.42857,1,0.0,50,66.0,2.0,15,0,7,4,0,20,0,1,0,0,2,1,0,0,7,0,0,30,0,1,6,0,2,7,0,12,2,1,0,1,3,93,0,0,3,2,1
3715,37.57272697,126.9085944,39.066,23354.57143,1,0.2,10,40.0,100.0,16,0,6,9,0,28,0,2,0,0,2,0,0,0,17,0,0,31,1,0,5,0,6,8,1,10,1,2,0,0,3,84,1,1,3,3,0
3716,37.56530527,126.9262096,25.2612069,14229.31034,1,0.275862069,58,75.86206897,25.86206897,25,16,5,16,1,28,2,0,1,0,1,1,2,0,17,0,0,408,0,1,57,0,11,7,2,28,2,4,1,1,11,291,0,4,11,1,0
3717,37.58276116,126.9384412,39.45,11626.98413,1,0.0,9,44.44444444,22.22222222,22,0,3,3,0,5,0,0,0,0,0,0,0,0,9,0,0,24,1,0,4,0,4,5,1,13,1,1,0,0,2,54,1,4,0,2,2
3718,37.57779835,126.9371728,45.09727273,19401.2987,1,0.0,11,18.18181818,0.0,26,0,4,2,0,7,1,0,0,0,0,0,0,0,11,0,0,51,0,0,3,0,3,5,0,12,1,0,0,0,25,69,2,3,0,5,3
3720,37.57404725,126.9371742,31.42615385,14196.29121,1,0.153846154,26,57.69230769,11.53846154,6,1,2,3,0,2,1,3,0,0,1,0,0,0,6,0,0,42,0,0,5,0,0,0,0,11,0,0,0,0,24,41,1,0,0,3,4
3721,37.56802364,126.9458208,27.18874016,12939.76715,1,0.0,127,92.12598425,13.38582677,9,0,1,1,0,1,0,0,1,0,0,0,0,0,4,0,0,10,0,0,2,0,0,0,1,5,0,1,0,0,2,11,0,0,1,0,3
3723,37.57027549,126.9352126,31.8862069,12618.96552,1,0.310344828,29,86.20689655,13.79310345,15,2,1,11,0,14,0,3,0,0,4,0,0,0,9,0,0,66,1,0,15,0,1,5,0,10,5,2,0,0,8,72,1,0,3,3,1
3724,37.56769338,126.9332134,32.1017931,16190.11429,1,0.068965517,145,70.34482759,30.34482759,22,3,2,16,0,28,1,0,1,0,3,1,1,0,8,0,0,147,1,1,39,0,6,9,2,18,6,4,0,1,11,156,1,5,9,0,0
3725,37.56565716,126.9326693,26.49294118,16332.95518,1,0.0,51,72.54901961,45.09803922,25,2,2,15,1,27,1,0,1,0,4,1,1,0,9,0,0,133,0,1,40,0,7,10,2,20,5,3,0,1,11,147,1,5,8,0,0
3726,37.56420857,126.9317828,23.09002778,13130.90476,1,0.061111111,180,77.77777778,9.444444444,19,5,3,13,1,30,2,0,1,0,2,1,1,0,9,0,0,136,0,1,41,0,8,11,2,26,4,3,0,1,11,153,1,7,8,0,0
3727,37.56183541,126.9312578,23.54583333,12602.15201,1,0.205128205,156,81.41025641,7.692307692,19,4,5,5,1,16,2,0,1,0,0,2,0,0,12,0,0,148,0,1,30,0,6,5,1,30,1,6,0,2,9,141,1,7,3,0,1
3728,37.58316047,126.9428253,30.15454545,14363.63636,1,0.0,11,18.18181818,63.63636364,13,0,0,5,0,18,0,0,0,0,0,0,1,0,11,0,0,19,0,0,8,0,4,4,1,10,1,2,0,0,3,35,1,0,2,0,4
3729,37.58329506,126.9443729,41.3487931,12577.0936,1,0.0,29,58.62068966,17.24137931,21,0,2,8,0,35,0,0,0,0,2,0,1,0,18,0,0,35,0,0,19,0,5,8,2,13,3,2,0,0,5,88,1,3,4,3,4
3730,37.58386791,126.9484688,48.39826087,16697.51553,1,0.0,23,43.47826087,4.347826087,27,1,3,10,1,36,0,1,0,1,2,0,0,0,20,0,0,33,0,0,14,0,7,9,3,15,1,1,0,0,7,90,1,3,8,2,3
3731,37.57975824,126.9515543,51.04,17000.0,1,0.0,1,0.0,0.0,13,0,3,2,0,8,0,0,0,1,1,0,1,0,6,0,0,10,0,0,2,0,2,1,0,7,0,0,0,0,1,13,0,0,2,0,0
3734,37.56977892,126.9610411,23.94818182,12098.7013,1,0.0,22,95.45454545,31.81818182,49,3,2,7,2,41,0,2,0,0,3,1,0,1,13,0,0,55,2,0,18,0,6,14,7,14,3,3,0,1,12,194,2,1,3,3,2
3735,37.56698796,126.9646386,24.52777778,15230.15873,1,0.0,9,100.0,66.66666667,51,8,6,9,1,52,0,1,0,1,2,1,1,0,16,0,0,96,2,0,56,0,6,20,8,21,8,4,0,1,21,327,3,1,6,0,4
3736,37.56474846,126.9648409,25.6171875,17163.79464,1,0.921875,64,71.875,4.6875,47,3,9,5,1,33,0,0,0,2,0,0,1,0,16,0,0,114,1,0,67,0,4,17,2,25,8,4,0,1,24,375,2,1,6,0,3
3737,37.56239808,126.9632089,14.24666667,12785.71429,1,0.0,3,100.0,0.0,39,0,9,3,0,24,0,0,0,3,0,0,1,0,15,0,0,96,1,0,58,0,5,7,1,22,7,4,0,0,20,307,3,3,5,0,2
3739,37.56346547,126.9675291,21.8075,15804.7619,1,1.0,12,100.0,0.0,31,1,8,3,1,29,0,0,0,3,0,0,1,0,6,0,0,98,1,0,56,0,3,14,1,19,7,3,0,0,18,299,3,2,5,0,0
3741,37.56123526,126.9653965,33.76259259,20467.98942,1,1.0,54,55.55555556,0.0,38,0,9,3,0,11,0,0,0,2,0,0,1,0,8,0,0,87,1,0,47,0,2,4,1,18,6,1,0,0,14,261,2,2,4,0,0
3744,37.56938493,126.960203,32.84352941,12006.30252,1,0.0,34,73.52941176,2.941176471,51,2,2,7,2,41,0,1,0,0,3,1,0,1,14,0,0,48,2,0,17,0,6,12,7,13,3,3,0,1,14,178,2,1,3,3,2
3745,37.56772439,126.9611806,39.12811321,13738.54447,1,0.0,53,75.47169811,5.660377358,54,2,3,7,1,50,0,2,0,0,3,1,1,1,19,0,0,74,2,0,39,0,6,17,7,16,6,5,0,1,19,267,2,2,6,3,4
3746,37.56524591,126.9607729,35.95235294,15205.88235,1,0.0,17,41.17647059,17.64705882,43,0,3,5,1,27,0,0,0,0,1,0,1,0,22,0,0,74,0,0,48,0,5,8,1,19,6,4,0,1,16,269,1,1,6,0,3
3747,37.56594322,126.9545689,34.23948718,22287.63736,1,0.0,78,55.12820513,66.66666667,16,0,0,0,0,2,0,0,0,0,0,0,0,0,11,0,1,23,0,0,7,0,2,1,0,6,1,1,0,0,8,51,0,2,0,2,1
3748,37.56409853,126.9545855,40.425,16254.46429,1,0.0,16,25.0,0.0,21,0,1,0,0,2,0,0,0,0,0,0,0,0,11,0,1,29,0,0,8,0,2,1,0,10,1,2,0,0,8,66,0,2,0,2,1
3749,37.56363498,126.9567835,45.13416667,14979.34524,1,0.0,12,25.0,0.0,23,0,1,0,0,4,0,0,0,0,0,0,0,0,17,0,1,36,0,0,11,0,3,1,0,10,2,2,0,0,9,93,0,2,0,4,2
3750,37.5630548,126.957505,35.646,12485.71429,1,0.0,5,60.0,0.0,24,0,1,0,1,7,0,0,0,0,0,0,0,0,20,0,1,38,0,0,14,0,4,1,0,13,2,2,0,0,13,104,0,2,1,4,2
3751,37.56233035,126.9602447,44.84666667,11737.52381,1,0.0,15,20.0,0.0,44,0,4,2,1,10,0,0,0,2,0,0,0,0,17,0,1,72,0,0,28,0,8,2,1,16,6,2,0,0,16,209,1,4,2,2,2
3752,37.56356886,126.9612147,48.87981818,14795.45455,1,0.0,11,54.54545455,0.0,33,0,5,3,1,16,0,0,0,1,0,0,1,0,21,0,0,81,0,0,50,0,5,5,1,22,7,4,0,0,19,278,2,3,5,0,2
3754,37.56091803,126.9593005,54.2537,10647.21429,1,0.0,10,20.0,0.0,45,0,7,4,1,32,0,0,0,2,2,1,0,0,19,0,1,68,0,0,32,0,13,10,1,13,8,3,0,0,16,219,1,4,4,2,2
3755,37.56115562,126.9572237,39.9075,12776.78571,1,0.0,8,50.0,0.0,40,0,5,4,1,38,0,0,0,1,2,1,0,0,14,0,1,53,0,1,21,0,8,12,1,12,5,2,0,0,15,150,1,2,4,4,2
3756,37.55964074,126.9582657,35.68,14119.04762,1,0.0,3,33.33333333,0.0,42,0,7,5,1,50,0,0,0,2,3,1,0,0,12,0,1,60,0,1,24,0,17,13,3,15,7,1,0,0,11,185,1,1,6,2,0
3757,37.55861354,126.9580043,38.008,9510.285714,1,0.0,25,40.0,0.0,36,0,7,7,1,54,1,0,0,1,4,1,0,0,11,0,1,62,0,1,25,0,22,18,4,12,7,3,0,1,12,198,1,0,8,2,0
3759,37.56761094,126.9484674,25.75192308,12669.50549,1,0.0,26,92.30769231,19.23076923,9,0,2,0,0,1,0,0,1,0,0,0,0,0,8,0,0,24,0,0,2,0,0,1,1,13,1,1,0,0,17,19,1,0,0,0,4
3761,37.56449904,126.9522359,31.06846154,16883.40659,1,0.0,13,53.84615385,7.692307692,14,0,2,0,0,2,0,0,1,0,0,0,0,0,8,0,1,33,0,0,7,0,0,2,0,15,2,1,0,0,20,61,1,1,0,2,1
3762,37.56317161,126.9544957,25.95083333,12486.90476,1,0.0,12,50.0,41.66666667,23,0,1,0,0,3,0,0,0,0,0,0,0,0,13,0,1,29,0,0,9,0,2,1,0,9,2,1,0,0,9,71,0,2,0,4,0
3766,37.55805641,126.9443999,18.34273973,19189.04979,1,0.937595129,657,68.64535769,97.26027397,30,3,7,14,0,49,0,1,2,2,4,3,6,0,17,0,0,209,1,2,22,0,8,20,2,37,2,9,1,0,18,183,1,10,17,4,0
3767,37.557854,126.9483592,22.2382716,14162.2575,1,0.37037037,81,87.65432099,1.234567901,32,3,3,13,0,48,0,0,0,1,5,1,5,0,15,0,0,172,1,2,21,0,9,20,3,27,3,6,1,0,14,176,1,8,20,0,0
3777,37.55809127,126.9395533,19.00241379,19643.10345,1,0.74137931,58,93.10344828,74.13793103,40,1,12,21,0,85,5,1,2,2,3,6,19,0,22,1,0,248,1,3,126,2,4,27,2,47,7,8,1,4,32,304,2,18,14,4,2
3778,37.55764159,126.940311,25.9927027,13879.30888,1,0.0,37,86.48648649,24.32432432,35,1,11,20,0,85,5,1,2,3,3,7,19,0,22,1,0,260,1,3,122,2,5,27,2,49,6,10,1,1,28,308,2,19,16,4,2
3779,37.5562682,126.9377737,27.3888,17705.14286,1,1.0,50,88.0,14.0,41,2,14,23,0,107,7,1,1,2,3,7,15,0,23,1,0,245,1,3,140,2,7,29,2,50,8,9,0,4,35,330,1,16,10,4,3
3780,37.55695029,126.9408043,26.84977528,19985.79454,1,0.97752809,89,76.40449438,73.03370787,39,3,12,21,0,94,5,1,2,3,3,6,19,0,24,1,0,281,1,5,104,2,7,33,3,48,7,10,1,1,27,305,2,19,18,4,2
3781,37.56187921,126.9286433,44.09888889,23434.92063,1,0.0,9,55.55555556,0.0,18,12,4,10,1,28,2,0,1,2,1,4,3,0,15,0,0,327,1,2,68,1,9,8,0,32,3,5,1,0,14,264,2,5,5,0,0
3782,37.55958665,126.9324542,26.90605263,15162.03008,1,0.0,76,93.42105263,15.78947368,21,4,5,6,1,31,2,3,0,0,1,4,9,0,19,0,0,158,0,0,124,2,6,18,2,34,4,5,1,3,17,172,2,7,6,0,1
3783,37.55966447,126.9301279,32.21723404,17041.2614,1,0.0,94,63.82978723,40.42553191,18,13,5,5,1,31,4,3,1,2,1,3,1,0,17,0,0,255,0,2,105,1,7,8,1,35,4,5,2,3,19,169,2,5,5,0,1
3784,37.56052209,126.9278529,28.8990566,18356.96496,1,0.056603774,53,67.9245283,33.96226415,17,16,7,9,1,34,1,1,3,2,1,4,4,0,19,0,0,366,1,2,95,1,10,9,0,33,3,5,4,0,18,246,2,5,11,0,2
3785,37.55844932,126.9292797,34.56391176,29756.30252,1,0.102941176,68,60.29411765,58.82352941,18,19,7,7,0,39,11,3,3,2,1,3,5,0,18,0,0,317,0,2,169,1,11,10,1,40,4,8,4,3,22,185,2,6,6,0,2
3786,37.55775119,126.9325184,22.51393333,25770.4,1,0.5,30,96.66666667,86.66666667,34,8,7,11,0,68,10,3,0,1,2,6,12,0,17,1,0,238,1,3,165,2,5,24,2,41,6,7,1,4,24,231,2,15,6,0,2
3787,37.55779488,126.9339915,17.99313725,18253.5014,1,0.980392157,51,82.35294118,92.15686275,35,6,8,11,0,94,5,3,0,1,2,7,14,0,19,1,0,245,1,3,158,2,5,26,2,43,7,9,1,4,29,274,3,15,7,3,2
3788,37.55856214,126.9358256,21.85571429,12551.02041,1,0.0,7,85.71428571,0.0,37,1,10,13,0,91,3,3,1,1,1,7,14,0,20,1,0,198,1,3,127,2,5,26,2,40,7,7,1,4,25,255,2,14,6,3,2
3789,37.5566189,126.9356224,14.33,11166.66667,1,0.0,6,83.33333333,0.0,40,5,12,19,0,101,9,3,1,2,2,7,14,0,24,1,0,250,1,3,161,2,5,28,3,48,7,9,1,4,29,325,1,15,7,3,4
3902,37.58238589,126.8789883,24.14392694,15472.14612,0,1.0,219,78.53881279,100.0,19,0,9,3,1,7,0,2,0,0,0,0,0,0,2,0,0,11,0,0,1,0,6,2,4,6,0,1,0,0,4,10,1,0,4,0,0
3908,37.5773355,126.89106,46.05,39500.0,0,1.0,1,100.0,0.0,28,2,10,17,0,43,2,1,1,0,3,2,1,0,7,0,0,179,1,0,71,0,7,12,1,25,11,3,1,0,26,258,1,3,10,1,0
3914,37.57449378,126.8951702,18.82956522,14054.93789,0,0.0,46,41.30434783,34.7826087,24,0,10,9,0,20,2,3,0,1,2,1,1,0,9,0,1,100,1,0,71,0,7,5,1,15,5,3,1,1,10,195,1,3,3,1,1
3918,37.585438,126.8820689,21.57644068,13365.04237,0,1.0,236,71.61016949,100.0,22,0,10,2,0,4,0,2,0,0,0,0,0,0,2,0,0,12,0,0,0,0,6,1,2,6,1,0,0,0,7,7,0,0,1,0,0
3924,37.5811712,126.8883242,20.77504149,16983.70124,0,1.0,482,77.593361,100.0,32,1,13,14,0,37,1,2,1,0,1,3,0,0,2,0,0,140,0,0,7,0,4,10,1,22,8,1,1,0,28,128,1,1,8,0,0
3927,37.5777945,126.8947757,20.77,12420.69909,0,0.0,47,80.85106383,36.17021277,22,1,10,15,0,37,2,2,0,1,2,3,1,0,7,0,0,167,1,0,72,0,7,10,1,25,8,3,1,1,25,236,1,3,7,1,0
3930,37.5763929,126.8961186,20.39894737,15591.98195,0,0.031578947,95,67.36842105,45.26315789,25,1,9,9,0,25,1,2,0,1,2,2,1,0,7,0,1,114,1,0,72,0,6,6,1,18,4,3,1,1,12,197,1,3,6,1,1
3933,37.57380088,126.9021006,33.20333333,12880.95238,0,0.0,3,100.0,0.0,25,0,6,5,0,25,0,1,0,1,1,1,0,0,5,0,1,40,0,0,5,0,6,9,3,9,1,0,0,0,7,70,1,0,1,0,1
3934,37.573224,126.9030822,44.543125,12902.67857,0,0.0,32,28.125,0.0,27,0,5,6,0,20,0,1,0,0,2,0,0,0,5,0,1,27,0,0,5,0,8,8,2,7,0,2,1,0,3,67,1,0,1,0,1
3938,37.56502518,126.903685,19.24804283,16518.76978,0,1.0,1681,72.93277811,100.0,14,0,8,8,0,11,0,1,1,1,2,1,1,0,12,0,0,76,0,0,22,0,9,4,2,24,1,3,3,0,13,150,0,6,10,1,0
3939,37.56609293,126.9060569,34.209,22613.92857,0,0.0,30,23.33333333,83.33333333,20,1,6,9,1,23,0,0,1,1,5,1,1,0,16,0,0,75,1,0,21,0,13,11,3,27,2,5,3,0,13,160,2,3,11,3,0
3940,37.56807867,126.9063517,40.08903226,12396.77419,0,0.0,31,29.03225806,6.451612903,19,1,7,10,1,28,0,1,1,0,4,1,1,0,18,0,0,60,1,0,19,0,13,13,3,24,2,5,3,0,12,147,2,2,11,1,0
3941,37.57023832,126.9051815,46.47142857,16850.20408,0,0.0,7,57.14285714,0.0,18,1,4,6,0,25,0,1,1,0,2,0,0,0,14,0,0,41,1,0,10,0,13,10,4,9,2,3,3,0,9,70,1,1,4,1,0
3946,37.568481,126.9088798,34.60525,22405.36071,0,0.0,80,50.0,68.75,26,2,4,8,1,39,0,1,0,0,4,0,0,0,22,0,0,51,1,0,19,0,15,13,3,15,4,3,3,0,9,122,2,1,6,1,1
3947,37.56703817,126.9080478,34.755,21010.99567,0,0.0,33,18.18181818,60.60606061,20,1,5,7,1,12,0,0,0,0,5,0,0,0,19,0,0,63,1,0,18,0,14,7,2,25,2,6,3,0,11,158,2,2,8,3,1
3948,37.56595771,126.9086726,35.30803922,20960.53221,0,0.0,51,21.56862745,64.70588235,21,1,5,4,1,10,0,1,0,0,3,0,0,0,18,0,0,63,1,0,17,0,12,6,2,27,2,6,2,0,11,150,1,2,8,3,2
3949,37.5674011,126.9116823,35.02088235,24930.14706,0,0.0,34,35.29411765,91.17647059,29,3,5,6,1,46,0,0,0,1,2,0,0,0,17,0,0,67,1,1,26,0,11,16,2,16,5,1,1,0,12,159,1,1,3,2,2
3950,37.56896852,126.9106487,27.07444444,16468.91534,0,0.0,27,51.85185185,70.37037037,27,2,4,5,1,45,0,1,0,1,2,0,0,0,20,0,0,52,1,1,24,0,14,14,3,14,5,3,2,0,11,140,1,1,5,1,1
3951,37.56897438,126.9123533,30.68727273,26438.73377,0,0.090909091,22,18.18181818,86.36363636,30,2,5,7,1,47,0,0,0,1,2,0,0,0,22,0,0,68,1,1,26,0,12,16,3,13,6,2,1,0,13,158,2,1,4,1,1
3954,37.556845,126.8973146,47.750625,18423.66071,0,0.0,16,56.25,0.0,25,1,1,4,0,0,0,1,0,0,0,0,0,0,6,0,1,57,0,0,21,0,11,1,0,12,0,1,0,0,4,73,1,2,2,0,0
3955,37.56053633,126.8996879,34.0607,20605.92857,0,0.0,100,38.0,58.0,32,2,2,8,0,5,0,2,0,0,0,0,0,0,13,0,1,101,0,0,23,0,16,2,0,13,0,3,0,0,9,130,1,7,2,1,1
3956,37.5591266,126.8994595,19.76,13500.0,0,0.0,2,0.0,0.0,34,2,0,5,0,5,2,2,0,0,0,0,0,0,15,0,1,116,0,0,33,0,20,3,1,17,1,3,1,0,10,157,1,5,4,1,1
3957,37.557867,126.8998996,41.01541667,19680.35714,0,0.0,24,54.16666667,20.83333333,34,3,1,6,0,12,2,0,0,0,1,1,0,0,16,0,1,161,1,0,41,0,15,6,2,17,1,4,2,0,11,176,1,5,4,1,1
3958,37.55700402,126.9019551,38.53575,18473.39286,0,0.0,40,37.5,10.0,40,5,1,7,0,30,2,0,0,0,1,1,0,0,22,0,1,243,1,0,77,0,21,9,6,23,1,5,2,0,16,269,1,5,4,2,1
3959,37.55842019,126.9022144,34.98772727,19457.5,0,0.0,66,48.48484848,27.27272727,47,5,2,10,0,31,2,0,0,0,2,1,0,0,23,0,1,235,1,0,70,0,22,8,7,26,1,6,2,1,17,308,1,10,6,2,1
3960,37.55995147,126.901522,43.626,20218.57143,0,0.0,10,60.0,10.0,40,2,3,9,0,25,2,1,0,1,2,1,0,0,18,0,0,171,0,0,43,0,21,7,5,18,1,6,1,1,14,235,1,8,5,1,1
3961,37.56128937,126.902817,28.50762887,20328.87334,0,0.0,97,51.54639175,54.63917526,34,2,4,9,0,27,1,2,0,1,1,2,1,0,14,0,0,160,0,0,38,0,23,8,5,29,1,7,1,1,15,258,1,7,9,1,1
3962,37.56171063,126.9043885,25.126,14120.0,0,0.0,5,0.0,0.0,31,2,5,9,0,33,1,1,0,1,2,2,1,0,14,0,0,158,0,0,44,0,14,10,5,31,1,6,1,1,16,286,0,9,9,2,1
3963,37.55967805,126.906305,37.365,18214.28571,0,0.0,2,100.0,0.0,29,2,3,13,1,47,4,1,0,0,4,1,0,0,21,0,0,239,0,0,79,0,18,9,7,29,3,6,4,1,17,347,1,10,6,3,1
3964,37.5590588,126.9047832,38.64395833,21561.0119,0,0.0,72,41.66666667,31.94444444,38,4,2,14,1,48,4,0,0,0,3,1,0,0,22,0,0,277,0,0,85,0,23,11,7,31,2,6,4,1,19,358,1,9,5,2,1
3965,37.56270269,126.9067028,30.94718182,21487.86364,0,0.081818182,110,37.27272727,57.27272727,16,0,5,9,0,18,1,1,0,1,2,1,1,0,16,0,0,118,0,0,40,0,10,2,2,28,0,6,1,1,11,228,0,7,7,3,2
3966,37.56360073,126.9112622,37.74475,21074.25893,0,0.0,80,47.5,48.75,18,2,3,1,1,5,1,1,0,0,4,0,0,0,13,0,0,48,0,0,6,0,7,4,0,17,2,1,2,0,8,93,1,1,0,2,1
3967,37.56014327,126.9150055,29.34833333,20661.28571,0,0.0,30,23.33333333,83.33333333,29,8,1,9,0,11,1,0,0,0,1,0,0,0,17,0,0,101,0,0,11,0,7,3,1,26,1,6,1,0,11,99,0,1,3,0,2
3968,37.55953955,126.9115223,34.61166667,20667.2619,0,0.0,18,22.22222222,38.88888889,22,5,3,11,1,62,2,1,0,1,3,1,2,0,15,0,0,124,0,0,55,0,12,8,2,33,3,5,4,1,18,211,0,5,5,0,1
3969,37.56027725,126.9093867,46.23575758,22720.64935,0,0.0,33,30.3030303,27.27272727,19,1,3,11,1,57,2,1,0,1,3,0,2,0,16,0,0,144,0,0,57,0,12,8,4,27,3,2,4,1,14,256,0,10,4,2,1
3970,37.56094714,126.9073846,36.2862069,22748.02956,0,0.0,58,41.37931034,63.79310345,26,1,4,10,1,34,3,1,0,0,3,1,0,0,16,0,0,177,0,0,60,0,14,7,5,29,1,5,2,1,15,287,0,9,5,3,2
3971,37.55900031,126.9090135,25.68433333,16131.42857,0,0.0,60,55.0,23.33333333,21,2,4,13,1,86,3,1,0,1,5,2,2,0,17,0,0,206,0,0,78,0,17,14,7,26,3,4,5,1,14,317,0,9,7,2,1
3972,37.56484339,126.9135484,33.31818182,19908.22338,0,0.454545455,55,56.36363636,38.18181818,23,4,4,2,1,5,0,1,0,1,4,0,0,0,14,0,0,83,0,0,11,0,8,4,0,17,2,4,1,0,12,104,1,1,1,1,2
3973,37.56437665,126.9148377,34.37509804,21268.76751,0,0.0,51,58.82352941,54.90196078,35,4,3,2,0,6,0,1,0,0,2,0,0,0,12,0,0,91,0,0,9,0,7,3,0,15,2,4,1,0,9,88,1,1,2,1,1
3974,37.56495925,126.9168083,39.07196721,23560.46838,0,0.0,61,45.90163934,49.18032787,37,5,5,6,0,15,1,1,0,1,1,0,0,0,12,0,0,136,0,1,14,0,6,6,1,17,1,3,1,0,9,91,0,1,3,1,0
3975,37.56487387,126.9188315,37.18311688,21371.22263,0,0.0,77,44.15584416,62.33766234,31,10,3,8,0,9,1,1,0,0,1,0,0,0,11,0,0,224,0,0,10,0,5,3,1,20,0,4,2,0,8,80,0,1,3,1,0
3976,37.56584307,126.9191055,32.6746875,36549.10714,0,0.0,32,75.0,100.0,27,9,4,8,0,12,1,1,0,1,0,0,0,0,12,0,0,199,0,1,14,0,6,4,1,17,1,4,2,0,9,67,1,1,3,1,0
3977,37.5625375,126.9186504,27.20148148,13797.8836,0,0.0,27,70.37037037,7.407407407,28,10,3,8,0,13,3,1,0,0,1,0,0,0,10,0,0,266,0,0,15,0,9,2,1,27,2,6,2,0,15,131,0,1,5,1,1
3978,37.56197338,126.9163076,23.91666667,12793.51852,0,0.222222222,54,53.7037037,27.77777778,31,8,1,5,0,13,1,0,0,0,1,0,0,0,15,0,0,135,0,0,10,0,5,4,1,23,2,6,2,0,11,108,0,1,2,0,2
3979,37.56529689,126.9210823,36.14382353,21934.29832,0,0.0,34,70.58823529,55.88235294,27,8,5,7,0,9,1,1,0,0,0,0,1,0,13,0,0,287,0,0,19,0,7,2,1,17,0,5,1,0,6,126,0,0,3,1,0
3980,37.56497845,126.9240106,34.50470588,16781.09244,0,0.0,34,52.94117647,29.41176471,22,15,5,10,0,15,3,1,0,0,1,1,1,0,13,0,0,405,0,0,46,0,8,3,0,24,1,2,1,0,8,258,0,2,9,1,0
3981,37.56342316,126.9267953,36.49818182,19407.46753,0,0.0,11,63.63636364,27.27272727,24,17,7,14,1,28,2,0,1,0,1,1,3,0,16,0,0,435,1,1,80,0,13,8,1,31,1,4,1,0,10,312,0,2,11,1,0
3982,37.56202778,126.9257026,24.695,15877.5,0,0.0,6,100.0,66.66666667,21,18,7,12,1,30,4,0,1,2,1,3,3,0,15,0,0,455,1,2,85,1,12,7,1,34,4,5,6,0,15,279,0,4,8,1,1
3983,37.56356384,126.9243314,25.07043956,16707.92779,0,0.0,91,72.52747253,53.84615385,21,17,5,12,1,18,3,1,0,0,1,0,2,0,13,0,0,458,1,0,76,0,10,4,1,29,2,4,2,0,10,281,0,2,8,1,0
3984,37.56257038,126.9231997,31.0647619,19453.23129,0,0.0,42,69.04761905,14.28571429,22,15,6,10,0,27,4,1,0,0,0,2,3,0,15,0,0,486,1,0,78,0,9,6,1,31,2,5,6,0,13,278,0,2,9,1,1
3985,37.5600491,126.9255618,34.652,20373.80952,0,0.0,15,60.0,0.0,20,21,6,16,0,75,6,1,4,3,2,5,6,0,16,0,0,469,1,2,135,1,13,15,1,38,6,7,6,0,22,299,1,10,15,0,2
3986,37.56010263,126.91783,25.94034483,17307.27586,0,0.0,29,68.96551724,37.93103448,32,11,5,13,0,22,4,0,0,0,3,0,0,0,20,0,0,196,0,0,21,0,9,5,2,30,3,7,5,0,15,127,0,2,4,0,2
3987,37.56073877,126.9194892,29.73530612,19568.22157,0,0.0,49,73.46938776,55.10204082,31,10,6,14,0,29,4,0,0,0,3,1,1,0,18,0,0,289,1,0,50,0,8,5,1,33,3,6,5,0,18,175,0,3,7,1,3
3988,37.56190032,126.9208879,22.5872093,16552.71096,0,0.023255814,43,81.39534884,39.53488372,27,15,3,11,0,19,3,1,0,0,2,1,3,0,14,0,0,482,1,0,73,0,9,4,1,31,2,4,5,0,15,269,0,2,8,1,2
3990,37.560562,126.9219295,25.90785714,15664.62585,0,0.0,21,66.66666667,0.0,33,13,10,22,0,70,6,0,4,1,2,2,4,0,11,0,0,492,1,1,88,0,10,10,1,35,5,7,6,0,20,277,0,3,11,1,3
3991,37.5592275,126.9199798,27.33521739,18883.85093,0,0.0,46,67.39130435,32.60869565,36,12,9,22,0,93,6,0,4,1,3,4,3,0,13,0,0,296,1,0,71,0,10,14,1,36,10,7,8,0,26,173,0,13,14,0,3
3992,37.55741298,126.9207357,26.41,20008.92857,0,0.0,8,100.0,0.0,40,14,8,25,0,101,9,0,5,1,2,4,8,0,13,0,0,290,1,2,132,0,14,14,2,38,11,6,9,0,29,199,0,16,16,0,4
3993,37.55896793,126.9223519,26.25294118,13818.48739,0,0.0,17,94.11764706,5.882352941,33,18,10,22,0,99,6,0,5,3,2,5,8,0,14,0,0,432,1,2,145,1,13,15,1,39,11,5,8,0,29,274,0,15,16,0,3
3994,37.55882452,126.924344,32.83571429,18343.87755,0,0.857142857,28,71.42857143,0.0,22,21,9,19,0,99,8,0,5,3,2,6,9,0,12,0,0,496,1,2,157,1,14,17,1,43,11,7,7,0,31,318,1,18,18,0,2
3995,37.55669489,126.9222926,34.655,21300.0,0,1.0,10,60.0,0.0,34,28,7,28,1,100,11,0,5,3,2,6,10,0,10,0,0,321,1,3,185,1,13,15,2,46,12,3,9,1,34,209,0,20,16,0,3
3996,37.55723218,126.9102758,28.38513889,18762.53571,0,0.083333333,72,62.5,33.33333333,30,7,3,15,1,82,2,0,0,1,4,2,2,0,17,0,0,206,0,0,79,0,18,14,6,34,4,4,6,1,16,277,0,5,5,2,0
3997,37.55751919,126.912309,33.39014184,22981.72239,0,0.0,141,60.28368794,43.97163121,38,10,3,19,1,61,2,0,0,1,4,1,2,0,18,0,0,146,0,0,66,0,14,8,1,33,4,4,6,0,15,212,0,4,6,1,2
3998,37.55823679,126.9142201,35.88423077,21976.64011,0,0.0,52,53.84615385,25.0,42,10,3,16,1,53,2,0,0,1,5,1,2,0,17,0,0,109,0,0,32,0,9,8,1,30,4,3,6,0,15,133,0,2,5,1,2
3999,37.55882822,126.9161235,36.513125,21593.30357,0,0.0625,16,68.75,43.75,39,15,3,14,0,15,3,0,0,0,2,0,0,0,15,0,0,153,0,0,15,0,10,2,2,32,3,4,3,0,15,125,0,2,3,1,2
4000,37.5577287,126.9176915,37.00285714,26425.17007,0,0.0,21,76.19047619,38.0952381,45,18,4,21,0,50,6,0,2,0,2,2,0,0,18,0,0,192,0,0,36,0,8,5,2,33,9,6,8,0,23,139,0,5,7,1,3
4001,37.55622588,126.9186153,30.78,20707.14286,0,0.0,10,60.0,40.0,46,22,7,27,0,90,12,0,2,1,2,3,3,0,16,0,0,215,0,1,87,0,12,10,2,38,15,6,9,0,26,143,0,17,11,1,3
4002,37.55636753,126.9161693,26.04797872,16038.81459,0,0.223404255,94,77.65957447,31.91489362,46,17,8,29,0,42,6,0,0,0,3,1,0,0,16,0,0,145,0,0,40,0,7,5,1,38,10,5,6,0,21,111,0,2,9,1,3
4003,37.55580081,126.9139171,27.98294118,17701.12045,0,0.117647059,51,72.54901961,9.803921569,37,17,3,26,1,61,4,0,0,1,5,1,2,0,18,0,0,134,1,0,49,0,11,8,1,39,6,4,7,0,15,157,0,2,8,1,2
4004,37.55531438,126.9120075,27.083,20014.92857,0,0.0,50,38.0,38.0,30,12,3,27,1,70,3,0,0,1,5,2,2,0,16,0,0,172,1,0,72,0,15,12,1,38,5,3,6,0,12,213,0,3,9,2,1
4005,37.55349576,126.9002596,33.25520833,23804.64286,0,0.0,48,31.25,47.91666667,23,5,3,7,0,3,1,1,0,0,0,0,0,0,12,0,1,139,1,0,57,0,9,0,0,17,1,3,1,0,9,109,1,2,0,0,0
4006,37.55460822,126.900205,38.02158209,18275.53305,0,0.0,67,38.80597015,0.0,26,4,3,6,0,6,2,1,0,0,1,0,0,0,13,0,1,153,1,0,58,0,13,2,1,18,1,3,2,0,10,129,1,2,4,1,0
4007,37.55534002,126.9009905,39.44022727,23297.08604,0,0.0,88,27.27272727,29.54545455,34,5,2,6,0,22,2,1,0,0,1,1,0,0,15,0,1,216,1,0,65,0,17,8,4,20,2,4,2,0,13,189,1,2,4,1,0
4008,37.55567434,126.9027855,33.78652778,20421.44841,0,0.0,72,40.27777778,25.0,41,5,2,10,0,30,3,1,0,0,2,1,1,0,21,0,0,299,1,0,107,0,19,10,6,24,2,6,3,0,16,309,1,2,4,1,0
4009,37.55595257,126.9041533,33.33642857,18545.88484,0,0.0,98,44.89795918,25.51020408,44,5,1,16,0,49,3,0,0,0,3,1,3,0,27,0,0,349,1,0,142,0,22,12,6,30,3,7,4,0,21,408,1,6,4,1,0
4010,37.55631314,126.9054643,39.472,21293.35714,0,0.0,50,30.0,26.0,43,5,3,16,1,85,3,0,0,1,5,2,3,0,28,0,0,367,1,0,146,0,21,16,6,36,4,7,5,1,23,421,1,6,5,1,0
4011,37.55669058,126.9070186,37.76290909,20603.8961,0,0.0,55,41.81818182,29.09090909,35,5,4,17,1,87,4,0,0,1,6,2,3,0,23,0,0,344,1,0,142,0,21,16,6,39,5,6,6,1,21,375,1,6,6,1,0
4012,37.55641041,126.9083804,32.305,17226.29252,0,0.0,42,57.14285714,23.80952381,33,4,4,15,1,86,4,0,0,1,6,2,3,0,22,0,0,313,0,0,134,0,18,16,6,36,4,6,6,1,21,356,0,5,7,1,0
4013,37.55487813,126.9091166,26.90914894,21961.20669,0,0.0,94,48.93617021,67.0212766,32,6,4,20,1,89,1,0,0,1,7,2,3,0,17,0,0,294,0,0,146,0,18,18,4,40,7,7,8,0,20,326,0,4,8,3,0
4014,37.55442778,126.9067566,36.05454545,19104.67532,0,0.0,44,61.36363636,18.18181818,35,5,4,15,1,79,3,0,0,1,5,2,3,0,21,0,0,336,1,0,145,0,20,17,6,33,5,7,7,0,19,336,1,5,5,1,0
4015,37.55416764,126.9039159,35.03975309,22274.55908,0,0.0,81,32.09876543,24.69135802,35,5,3,10,0,30,3,1,0,0,2,1,1,0,23,0,0,294,1,0,117,0,14,10,5,25,2,6,5,0,13,247,1,2,2,1,0
4016,37.55333731,126.902036,25.77681818,18519.64286,0,0.0,22,22.72727273,45.45454545,28,5,4,8,0,12,2,1,0,0,2,0,1,0,17,0,0,213,1,0,95,0,11,5,3,20,1,4,2,0,9,171,1,2,2,1,0
4017,37.55301062,126.9049025,31.69051724,25524.25862,0,0.0,58,22.4137931,56.89655172,21,7,3,8,0,25,2,1,0,0,2,1,1,0,17,0,0,261,1,0,109,0,12,8,4,23,1,5,4,0,10,205,1,1,2,1,0
4018,37.55379502,126.9086604,32.32510204,19294.82507,0,0.0,98,46.93877551,10.20408163,30,7,3,22,1,80,5,0,0,1,7,1,3,0,22,0,0,295,1,0,155,0,18,16,2,36,6,6,7,0,17,310,0,4,7,2,0
4019,37.55050852,126.9056724,32.7208642,20255.91358,0,0.0,162,35.18518519,19.75308642,12,5,4,5,0,6,3,0,0,0,1,0,1,0,14,0,0,169,1,0,99,0,9,5,1,24,1,4,3,0,7,147,0,0,1,0,0
4020,37.55091523,126.9070649,28.53175,20574.21429,0,0.0,120,38.33333333,61.66666667,16,7,4,8,0,24,4,0,0,0,2,1,1,0,15,0,0,201,0,0,116,0,10,9,1,29,4,4,3,0,9,210,0,2,5,1,0
4021,37.55177074,126.9080251,31.86347826,22411.29938,0,0.0,115,23.47826087,25.2173913,22,8,6,13,0,49,4,0,0,0,5,2,2,0,16,0,0,244,1,0,137,0,14,13,1,36,5,4,4,0,14,270,0,2,6,2,0
4022,37.55263052,126.9095151,34.49958678,22654.63518,0,0.0,121,22.31404959,35.53719008,25,7,4,21,0,74,5,0,0,2,5,3,3,0,17,0,0,267,1,0,146,0,16,15,3,43,7,5,7,0,16,294,0,4,9,2,0
4023,37.55264325,126.9115056,27.24807692,21291.81319,0,0.0,26,50.0,53.84615385,36,13,6,29,0,85,10,0,1,3,6,3,3,0,14,1,0,206,1,2,129,1,15,18,0,47,11,4,7,0,21,264,1,4,16,2,1
4024,37.55059575,126.9119613,23.65419355,24020.27189,0,1.0,62,67.74193548,100.0,24,15,5,27,0,47,12,0,1,2,5,3,1,0,13,1,0,177,1,2,158,1,10,14,0,43,10,7,6,1,16,227,1,2,21,1,0
4025,37.5504977,126.9107842,34.20176471,21377.73109,0,0.0,34,29.41176471,58.82352941,25,10,5,25,0,39,10,0,1,2,5,3,1,0,14,1,0,178,1,2,126,1,10,12,1,41,8,6,5,1,16,225,1,2,16,1,0
4026,37.55015673,126.9095771,36.07278571,21182.80612,0,0.0,70,38.57142857,20.0,21,10,5,14,0,30,8,0,1,2,3,2,1,0,14,1,0,155,1,2,109,1,10,11,1,34,8,3,5,0,15,204,0,2,10,1,0
4027,37.54918185,126.9119625,20.216875,29236.60714,0,1.0,16,56.25,100.0,22,16,4,23,0,45,11,0,1,2,4,3,1,0,12,1,0,170,1,3,157,1,9,14,0,37,7,4,6,1,15,221,1,2,20,1,0
4028,37.548927,126.9066747,31.84111111,23487.46032,0,0.0,9,33.33333333,44.44444444,11,4,4,5,0,11,4,0,0,0,2,1,1,0,12,0,0,123,0,0,77,0,10,5,1,20,4,3,4,0,5,144,0,2,4,0,0
4029,37.55384542,126.9141408,32.15884615,17921.88187,0,0.0,52,50.0,25.0,33,20,7,29,0,77,12,0,0,3,6,3,2,0,14,0,0,128,1,0,56,0,13,12,1,40,10,3,6,0,18,142,1,2,14,2,1
4030,37.55473395,126.917569,26.87666667,18154.7619,0,0.0,6,83.33333333,66.66666667,42,29,6,31,0,57,16,0,2,0,4,1,4,0,12,0,0,161,1,1,95,0,9,8,2,38,11,6,5,0,21,121,0,12,14,1,3
4031,37.55454943,126.9188997,31.36,17788.09524,0,0.0,6,50.0,33.33333333,47,35,6,32,0,75,23,0,3,1,4,4,10,0,12,0,0,205,0,1,160,0,10,13,2,46,12,4,6,1,27,154,0,22,17,1,3
4032,37.55480583,126.9203953,25.59,12357.14286,0,1.0,2,50.0,0.0,47,31,8,36,0,96,22,0,5,1,2,5,13,0,12,0,0,230,0,1,202,0,14,14,1,45,14,2,8,1,32,170,0,25,12,0,3
4034,37.55281263,126.9163057,43.295,23898.80952,0,0.0,12,41.66666667,0.0,38,36,6,33,0,61,22,0,2,2,4,4,5,0,9,1,0,168,1,2,193,1,8,10,1,41,14,2,5,1,22,182,1,6,24,2,1
4035,37.552766,126.9138669,28.88709677,17264.60829,0,0.0,31,70.96774194,19.35483871,36,20,8,30,0,78,15,0,1,3,6,4,1,0,8,1,0,164,1,2,127,1,11,17,1,47,13,4,4,0,26,197,1,3,21,2,1
4037,37.55154,126.9153855,17.53103448,18239.60591,0,0.586206897,29,58.62068966,58.62068966,34,28,6,33,0,55,20,0,1,2,5,3,3,0,13,1,0,204,1,3,222,1,10,14,0,39,13,3,6,2,23,248,1,4,26,2,1
4038,37.55334539,126.9199412,18.53921053,20765.78947,0,0.894736842,38,76.31578947,100.0,42,36,6,30,0,75,26,0,3,0,3,4,10,0,9,0,0,236,0,1,307,0,9,12,1,40,13,3,5,3,29,186,0,24,18,0,2
4039,37.55319481,126.9208981,19.24058824,12315.12605,0,0.0,17,94.11764706,0.0,38,36,6,27,1,73,26,0,3,1,2,5,11,0,7,0,0,254,0,1,312,0,10,15,1,49,15,3,5,3,31,201,0,24,13,0,1
4040,37.55314104,126.9228587,30.92,18250.0,0,0.0,2,50.0,0.0,41,37,8,23,1,83,27,0,5,1,0,5,13,0,7,0,0,271,0,1,307,0,13,15,1,46,14,3,4,3,33,211,0,26,13,0,1
4041,37.55163964,126.9224426,28.648,9588.057143,0,0.0,5,100.0,80.0,40,37,6,21,1,43,29,0,2,1,1,4,10,0,6,0,0,293,0,1,368,0,9,10,1,45,13,1,1,3,28,287,1,22,13,0,1
4042,37.55169063,126.9205075,27.76,10449.52381,0,0.0,3,33.33333333,0.0,39,41,5,25,0,49,32,0,1,1,4,3,10,0,8,0,0,308,0,2,417,0,11,11,1,49,11,1,3,3,30,310,1,17,20,0,1
4043,37.55104954,126.91871,27.8075,15891.96429,0,0.0,8,75.0,0.0,32,40,6,32,0,43,29,0,1,3,4,4,8,0,9,0,0,303,1,2,426,0,9,11,1,47,8,2,5,3,20,314,1,13,23,0,0
4044,37.5498172,126.9163285,34.46571429,18836.73469,0,0.0,14,78.57142857,14.28571429,27,34,7,30,0,54,24,0,2,2,4,4,4,0,12,1,0,261,1,3,298,1,9,16,0,41,11,4,7,2,21,296,1,7,27,1,0
4045,37.5500304,126.9152143,28.2237037,17323.01587,0,1.0,27,62.96296296,0.0,24,28,6,29,0,53,19,0,1,2,5,3,1,0,12,1,0,241,1,3,249,1,10,15,0,44,11,4,8,2,21,278,1,3,25,1,0
4047,37.54918907,126.9180302,39.22727273,20020.12987,0,0.0,11,72.72727273,0.0,30,37,8,29,0,43,25,0,2,3,4,4,6,0,9,1,0,326,0,3,426,1,7,14,0,43,9,2,4,2,23,328,1,10,24,0,0
4048,37.54926008,126.9199207,34.49,18595.2381,0,0.0,9,55.55555556,22.22222222,29,41,8,27,0,40,30,0,1,2,4,3,7,0,9,0,0,324,0,1,459,0,10,13,1,48,8,3,4,3,22,334,1,13,23,0,1
4049,37.54920668,126.9217424,20.159375,13261.30952,0,0.791666667,24,95.83333333,4.166666667,28,41,5,17,0,17,27,0,1,1,4,3,7,0,7,0,0,298,0,1,438,0,10,9,1,39,5,3,4,2,20,306,1,14,16,0,1
4050,37.55567759,126.9234988,43.58,18142.85714,0,1.0,1,100.0,0.0,34,29,7,27,1,100,18,0,5,3,3,6,14,0,10,0,0,305,0,3,210,1,14,16,1,46,14,4,9,1,37,199,0,23,15,0,2
4052,37.555624,126.9285394,37.08222222,23138.35979,0,0.0,27,62.96296296,37.03703704,31,19,5,11,1,65,13,4,3,3,1,5,6,0,14,0,0,264,0,2,135,1,12,15,1,36,7,7,4,1,23,154,1,14,8,0,1
4053,37.55507773,126.9269603,29.93,12972.78912,0,0.0,21,95.23809524,0.0,39,23,5,15,1,78,16,4,5,3,2,6,9,0,11,0,0,259,0,3,148,1,10,14,1,36,9,6,6,1,29,168,1,19,9,0,1
4054,37.55396546,126.925924,27.22294118,14849.57983,0,0.058823529,17,100.0,0.0,41,23,4,19,1,78,18,1,5,3,1,5,10,0,6,0,0,242,0,3,251,1,12,15,1,45,12,5,4,2,35,176,1,23,11,0,0
4055,37.55474052,126.9238282,32.635,21142.85714,0,0.0,4,50.0,0.0,38,29,6,25,1,91,22,0,6,3,2,7,13,0,9,0,0,274,0,3,255,1,12,14,1,46,12,4,9,2,35,189,0,23,14,0,2
4056,37.55700051,126.9292435,33.24611111,24003.96825,0,0.5,18,83.33333333,61.11111111,24,19,5,10,1,55,12,3,3,3,1,3,4,0,14,0,0,266,0,2,149,1,10,13,1,35,6,9,4,1,19,134,2,6,4,0,2
4057,37.55515349,126.932917,18.99207317,19265.89721,0,0.518292683,164,87.19512195,59.14634146,44,10,8,12,0,103,14,3,0,2,3,5,8,0,22,1,0,256,1,2,169,2,8,23,3,46,7,7,1,4,27,273,2,11,8,0,3
4058,37.554765,126.9353531,34.22368421,19383.45865,0,1.0,19,84.21052632,0.0,41,6,10,20,0,110,10,2,1,2,3,6,15,0,26,1,0,249,1,3,168,2,9,27,3,47,8,9,1,4,32,335,1,19,6,1,4
4059,37.55300025,126.9278086,33.27774286,20694.69388,0,0.0,105,62.85714286,37.14285714,41,19,1,7,1,7,15,3,0,0,0,2,6,0,7,0,0,190,0,0,159,0,7,6,0,32,4,3,2,2,18,149,0,6,3,0,0
4061,37.55404548,126.9319353,36.77666667,12547.61905,0,0.0,3,100.0,0.0,52,12,7,6,1,86,13,4,0,2,2,3,0,0,20,1,0,223,1,1,85,1,8,20,3,32,7,6,1,1,21,173,1,6,5,0,3
4065,37.5494856,126.9299515,32.56694444,25371.42857,0,0.0,18,44.44444444,55.55555556,54,6,5,12,1,28,3,2,0,1,4,1,0,0,10,0,0,68,1,1,11,0,9,8,2,16,2,2,2,0,6,100,1,1,10,1,1
4067,37.55007749,126.9243871,26.99285714,15691.83673,0,0.0,7,85.71428571,57.14285714,35,31,3,14,1,10,21,1,1,1,2,3,7,0,4,0,0,243,0,0,339,0,10,8,1,35,5,3,1,3,17,260,1,16,6,0,1
4068,37.54840263,126.9241085,31.09285714,14846.93878,0,0.142857143,14,92.85714286,0.0,27,22,4,13,0,12,15,0,1,1,2,2,7,0,5,0,0,235,1,0,326,0,10,7,0,29,3,2,2,2,14,246,1,10,11,0,1
4070,37.54815243,126.9120153,48.0,29857.14286,0,1.0,1,100.0,0.0,22,12,4,17,1,40,10,0,1,2,2,3,1,0,11,1,0,165,1,3,147,1,8,11,0,33,7,3,4,1,15,210,1,2,18,1,0
4071,37.54765068,126.9135928,41.38888889,15128.57143,0,0.0,9,55.55555556,0.0,25,14,5,17,1,40,11,0,1,2,4,3,1,0,11,1,0,188,1,3,187,1,8,13,0,31,7,3,6,1,16,230,1,2,21,1,0
4072,37.54725471,126.9163783,34.43269231,18038.87363,0,0.211538462,52,48.07692308,0.0,26,25,5,20,0,39,15,0,1,2,3,3,1,0,9,1,0,232,0,3,243,1,7,12,0,30,5,3,5,2,18,251,1,4,22,0,0
4073,37.54678183,126.9186469,37.43730769,19879.78022,0,0.153846154,26,42.30769231,3.846153846,24,24,3,18,0,29,12,0,0,1,4,2,2,0,6,0,0,284,0,1,328,0,5,10,0,27,1,5,4,2,12,301,1,7,20,0,0
4074,37.54646107,126.9210203,34.8165625,17689.49219,0,0.0,128,49.21875,5.46875,26,24,5,13,0,12,13,0,1,1,3,1,1,0,5,0,0,256,0,1,323,0,7,5,0,24,2,2,3,1,11,263,1,7,15,0,1
4075,37.54628925,126.9242561,25.26131111,15806.09524,0,0.244444444,45,42.22222222,26.66666667,21,18,4,11,0,11,8,0,0,1,2,1,0,0,4,0,0,186,1,0,187,0,9,5,0,23,3,2,1,1,10,208,1,4,10,0,1
4077,37.54585317,126.9285207,18.03,13011.90476,0,0.0,6,100.0,0.0,31,5,6,15,0,19,4,2,0,1,3,1,0,0,8,0,0,53,1,1,24,0,8,5,1,12,1,3,4,0,5,95,1,1,13,1,1
4078,37.54709562,126.929295,23.186,12168.57143,0,0.4,5,60.0,0.0,41,4,7,14,1,19,4,2,0,1,3,1,0,0,11,0,0,60,1,1,17,0,9,4,1,11,1,1,4,0,4,108,2,1,12,1,1
4081,37.54507406,126.9251599,25.22833333,13376.19048,0,0.833333333,12,58.33333333,0.0,18,12,2,12,0,9,6,0,0,1,2,1,0,0,4,0,0,108,1,0,87,0,6,3,0,11,1,2,1,0,4,137,1,2,9,0,1
4083,37.54626233,126.9143343,37.61784314,17710.08403,0,0.098039216,51,33.33333333,0.0,22,12,5,13,1,26,6,0,1,1,1,2,1,0,8,1,0,161,0,3,154,1,4,9,0,27,5,2,6,1,15,170,1,2,15,0,0
4084,37.54746104,126.9114342,29.6147619,24778.91156,0,0.0,21,19.04761905,76.19047619,19,11,4,12,1,33,9,0,1,2,1,3,1,0,11,1,0,142,0,2,114,1,8,10,0,29,7,3,4,1,14,179,1,2,11,1,0
4085,37.5447786,126.9135426,39.35339623,19693.98922,0,0.0,53,28.30188679,11.32075472,15,9,2,6,1,14,3,0,1,0,0,1,1,0,6,1,0,96,0,2,48,1,2,6,0,12,4,2,5,1,9,70,0,0,5,0,0
4086,37.54641807,126.9316518,15.93732143,12939.79592,0,0.642857143,28,60.71428571,100.0,42,3,8,14,1,24,2,2,0,1,2,1,0,0,14,0,0,59,1,1,15,0,10,6,2,12,1,2,4,0,4,117,1,1,10,2,0
4087,37.54642691,126.9331063,35.13981818,24401.16883,0,0.0,55,25.45454545,70.90909091,38,3,9,13,1,24,1,2,0,1,2,1,0,0,16,0,0,69,1,1,16,0,11,6,3,15,1,2,4,0,5,141,1,1,10,2,0
4088,37.54559236,126.9356556,33.25,24041.07143,0,0.0,20,15.0,70.0,29,4,9,15,2,21,1,2,0,1,3,0,0,0,17,0,0,93,0,2,26,0,13,6,3,17,1,4,4,0,5,188,1,0,8,2,1
4090,37.54560444,126.9384592,32.97317073,21874.0331,0,0.0,82,39.02439024,63.41463415,33,4,8,12,2,28,0,0,0,1,2,1,1,0,15,0,0,110,0,1,49,0,16,9,3,22,2,5,2,0,11,258,2,4,10,1,1
4092,37.54405656,126.9332237,39.32875,20818.97321,0,0.0,32,15.625,34.375,22,2,6,12,1,23,1,2,0,1,3,0,0,0,12,0,0,47,0,1,14,0,10,6,2,11,1,3,4,0,5,102,1,0,7,2,1
4093,37.54458535,126.9316134,25.03727273,13811.68831,0,1.0,11,100.0,0.0,25,3,6,13,1,22,2,2,0,1,2,0,0,0,11,0,0,54,1,1,14,0,10,6,2,12,1,2,4,0,4,109,1,1,9,2,0
4096,37.54832497,126.9383729,30.07741935,21054.7235,0,0.0,62,38.70967742,48.38709677,31,3,8,10,2,32,1,0,0,1,2,1,3,0,14,0,0,124,0,1,39,0,17,9,4,20,2,3,2,0,12,255,3,7,9,1,0
4097,37.54863172,126.9354885,22.18659091,11603.24675,0,0.0,22,86.36363636,0.0,51,4,10,13,2,35,1,0,0,2,3,1,3,0,21,0,0,112,0,1,31,0,16,9,4,22,3,3,4,0,12,212,2,8,10,2,1
4098,37.54906619,126.9336403,21.21153846,11364.94505,0,0.384615385,13,69.23076923,0.0,46,5,11,12,1,32,0,2,0,2,3,1,2,0,18,0,0,89,1,1,29,0,11,8,4,17,1,2,3,0,8,173,1,5,8,2,1
4100,37.55371713,126.9357468,16.215625,10736.60714,0,1.0,16,75.0,0.0,46,5,8,17,0,109,9,2,0,2,3,5,9,0,25,1,0,207,1,2,109,2,9,21,3,38,7,6,0,2,26,279,1,13,6,0,3
4101,37.55473897,126.9383826,29.86416667,14583.33333,0,0.833333333,12,75.0,0.0,32,2,11,21,0,105,6,1,1,2,3,7,14,0,23,1,0,219,1,3,119,2,7,25,2,42,8,7,0,2,31,306,1,18,9,4,3
4102,37.5541802,126.9383361,29.34444444,37132.06349,0,0.0,45,31.11111111,95.55555556,32,2,10,18,1,103,7,1,1,2,4,5,14,0,23,1,0,214,1,3,88,2,7,22,3,40,8,6,0,2,34,275,2,15,8,4,3
4103,37.55521992,126.941248,21.9060177,16820.68268,0,0.0,113,26.54867257,76.10619469,38,2,12,23,0,100,5,1,1,1,3,4,8,0,21,1,0,240,1,4,35,2,6,22,3,46,6,11,1,1,32,265,2,16,20,4,2
4104,37.5562966,126.9431718,30.39625,23151.90179,0,0.9125,80,63.75,75.0,32,3,8,18,0,59,4,1,2,2,3,3,9,0,22,0,0,231,1,2,29,0,9,18,2,42,3,11,1,0,23,225,2,11,18,4,1
4106,37.55298334,126.9447081,20.81835616,18510.17613,0,0.0,73,32.87671233,98.63013699,23,1,4,6,0,45,3,0,0,1,3,0,0,0,15,0,0,88,0,2,11,0,8,14,5,16,3,4,1,0,13,118,1,2,15,1,1
4108,37.55393654,126.9403167,22.63541667,15488.21429,0,0.0,120,38.33333333,67.5,33,1,11,20,1,91,6,1,1,1,3,4,6,0,19,1,0,161,1,2,23,2,5,19,2,36,6,7,1,1,33,195,3,10,8,4,3
4109,37.55245294,126.9362539,20.96066667,12533.57143,0,1.0,30,100.0,0.0,43,6,10,13,1,102,7,0,0,2,3,5,2,0,21,1,0,177,1,2,41,2,9,21,3,30,8,5,0,0,23,198,2,14,5,0,3
4110,37.54846894,126.9399056,19.505,13785.71429,0,0.0,4,100.0,0.0,27,2,6,10,3,22,1,0,0,1,1,1,3,0,11,0,0,127,0,1,38,0,12,5,4,20,2,2,2,0,11,254,2,7,10,1,0
4111,37.549041,126.9405381,23.86,12857.14286,0,0.0,2,50.0,0.0,26,5,6,11,1,25,4,0,0,1,1,1,3,0,11,0,0,127,0,1,38,0,12,5,4,18,3,2,2,0,12,263,2,7,10,0,0
4112,37.55543007,126.9462681,17.63,14761.90476,0,0.833333333,6,83.33333333,16.66666667,29,3,5,13,0,50,0,0,0,1,5,1,5,0,19,0,0,190,1,2,21,0,8,18,4,31,2,8,1,0,17,179,1,8,20,1,0
4113,37.55630826,126.9477133,31.206875,25021.42857,0,0.125,16,12.5,81.25,29,3,6,15,0,52,0,0,0,1,5,1,5,0,20,0,0,180,1,2,23,0,10,20,3,30,3,8,1,0,16,177,1,8,21,1,0
4114,37.5568243,126.9510265,24.895,28612.5,0,0.25,8,25.0,100.0,28,2,5,11,0,70,0,0,0,2,6,1,0,0,12,0,0,101,0,3,32,0,13,24,7,19,4,4,0,0,10,188,1,2,13,0,0
4115,37.55663355,126.9532786,32.52125,32162.5,0,0.5,16,18.75,87.5,30,0,5,14,1,62,1,0,0,2,8,1,0,0,12,0,0,75,0,1,26,0,17,20,8,19,6,4,1,1,17,181,1,0,8,2,0
4116,37.55630549,126.9551042,36.31714286,30702.65306,0,0.642857143,14,42.85714286,92.85714286,28,0,6,17,1,69,1,0,0,2,6,2,0,0,15,0,0,69,0,1,26,0,20,21,8,20,6,4,1,1,17,185,1,0,12,2,0
4117,37.55420331,126.9562,28.80619048,12145.38095,0,0.428571429,21,80.95238095,100.0,25,0,6,17,1,75,1,1,0,2,7,2,1,0,14,0,0,71,3,1,23,0,23,21,9,17,6,6,2,1,17,181,1,0,13,0,1
4121,37.55539641,126.9485081,22.05625,16455.35714,0,0.0,32,15.625,96.875,26,3,5,11,0,47,0,0,0,1,5,1,0,0,19,0,0,134,0,2,18,0,8,19,3,25,3,7,1,0,15,161,1,2,17,0,0
4122,37.55514118,126.9475951,21.65741935,17680.52995,0,0.0,62,22.58064516,100.0,27,3,5,12,0,49,0,0,0,1,5,1,0,0,19,0,0,142,0,2,20,0,8,18,3,25,3,7,1,0,15,153,1,3,17,1,0
4130,37.55088889,126.9546857,34.05242857,21595.30612,0,1.0,70,51.42857143,0.0,14,0,6,18,2,37,0,0,0,1,5,2,1,0,15,0,0,76,3,0,33,0,6,7,4,21,6,6,2,1,16,183,2,0,12,2,1
4134,37.54938508,126.9486118,35.186875,22305.35714,0,0.0,16,56.25,56.25,17,3,5,9,1,28,3,0,0,0,4,1,0,0,14,0,0,90,0,0,16,0,7,5,4,13,7,3,0,0,10,171,1,0,9,2,0
4136,37.54879633,126.9437385,22.33088889,17055.78413,0,0.0,45,28.88888889,82.22222222,30,5,6,15,1,23,4,0,0,1,2,1,1,0,11,0,0,127,0,1,37,0,12,5,3,17,4,4,1,0,12,262,2,3,11,1,0
4137,37.54817606,126.9447473,22.33227941,18167.85189,0,0.0,136,13.23529412,99.26470588,27,4,4,15,2,26,4,0,0,1,3,1,1,0,10,0,0,133,0,0,38,0,11,5,5,17,4,4,1,0,14,267,2,3,11,1,0
4138,37.5475302,126.9463314,21.40693182,17162.27273,0,0.0,88,12.5,100.0,30,3,4,17,1,37,4,0,0,1,3,1,0,0,12,0,0,138,0,0,37,0,11,7,5,20,3,4,0,0,9,277,1,0,13,1,0
4140,37.54808214,126.9494146,23.46515789,14565.93985,0,0.0,19,47.36842105,31.57894737,19,3,7,18,1,55,3,0,0,1,7,1,0,0,13,0,0,144,0,0,46,0,11,9,3,24,10,3,0,1,15,320,0,1,11,2,0
4142,37.54855532,126.9526738,30.45777778,20146.8254,0,0.0,9,11.11111111,44.44444444,22,0,7,20,2,64,0,0,0,1,7,2,1,0,10,0,0,124,3,0,46,0,12,11,7,25,12,5,2,0,22,275,2,1,12,1,1
4143,37.54753833,126.953124,35.17914286,23716.69388,0,1.0,35,65.71428571,0.0,29,0,7,22,2,71,0,0,0,2,7,2,3,0,9,0,0,124,3,0,52,0,12,11,4,26,13,4,2,1,21,284,2,1,16,1,1
4148,37.544307,126.9491983,31.64375,21776.78571,0,1.0,8,75.0,0.0,46,3,7,30,1,148,1,0,0,4,6,3,2,0,11,1,0,199,0,1,122,0,15,32,5,43,18,3,2,2,39,522,1,3,22,3,0
4149,37.54664267,126.9436386,32.22352941,29314.70588,0,0.294117647,17,0.0,100.0,29,4,3,15,2,36,5,0,0,1,4,1,1,0,12,0,0,156,1,1,48,0,13,7,4,24,5,3,2,1,16,321,2,3,15,2,0
4150,37.54581918,126.9413245,34.70958333,28655.35714,0,0.0,24,4.166666667,100.0,34,4,6,15,2,34,1,0,0,1,4,1,1,0,17,0,0,144,1,1,53,0,18,10,4,27,4,3,2,1,18,334,3,5,14,2,1
4151,37.54592557,126.9433105,34.64346667,20313.90476,0,0.986666667,75,76.0,0.0,30,4,6,16,1,35,4,0,0,1,4,1,1,0,13,0,0,148,1,1,54,0,16,10,5,23,4,3,2,1,15,327,2,3,16,2,0
4152,37.54417325,126.94399,38.57454545,27667.53247,0,0.0,11,9.090909091,81.81818182,30,4,5,28,1,55,1,0,0,2,4,2,0,0,13,0,0,168,1,1,87,0,15,15,4,33,10,3,1,1,23,498,2,3,20,2,0
4157,37.54243363,126.9482239,35.51859649,23301.75439,0,1.0,57,54.38596491,0.0,46,2,9,32,0,153,1,0,0,5,5,3,2,0,12,1,0,219,1,1,151,0,20,32,5,45,17,3,1,2,44,563,2,6,28,2,0
4158,37.54132614,126.947184,55.92,36869.04762,0,1.0,6,100.0,0.0,38,2,6,31,0,125,1,0,0,4,4,2,2,0,12,0,0,188,1,0,150,0,21,26,6,42,15,3,2,2,38,539,2,6,27,2,0
4159,37.54380914,126.939772,31.09604651,22210.299,0,0.0,43,34.88372093,55.81395349,26,3,4,16,1,31,0,0,0,1,2,0,0,0,16,0,0,100,1,1,52,0,17,11,4,19,4,4,2,1,16,247,1,2,13,1,1
4162,37.54221215,126.938854,33.935,22098.89388,0,0.0,140,43.57142857,55.71428571,11,2,3,12,1,16,0,0,0,0,2,0,0,0,14,0,0,60,1,1,36,0,13,6,3,13,3,4,1,1,10,156,1,2,8,1,1
4163,37.54092977,126.940801,45.84266667,34659.04762,0,0.0,15,6.666666667,73.33333333,15,0,4,10,1,25,0,0,0,1,2,0,0,0,10,0,0,62,1,1,52,0,13,9,3,19,5,4,1,1,16,189,1,3,11,1,1
4166,37.54083068,126.9437573,14.69,13642.85714,0,0.0,3,100.0,100.0,29,2,5,22,1,83,1,0,0,1,2,2,2,0,12,0,0,136,1,0,114,0,14,17,4,34,13,4,0,1,31,422,2,5,19,1,0
4167,37.540211,126.945474,32.44424242,24209.05195,0,1.0,33,75.75757576,0.0,29,2,4,24,0,97,1,0,0,1,2,2,2,0,14,0,0,140,1,0,125,0,14,21,4,35,13,4,2,1,31,444,2,7,23,2,1
4168,37.54157045,126.9499254,23.62702532,16720.16365,0,1.0,158,68.35443038,61.39240506,47,2,7,30,0,149,1,0,0,5,5,3,2,0,12,1,0,193,0,1,140,0,21,30,3,43,16,4,2,1,43,517,2,5,29,1,0
4169,37.54143541,126.9521792,27.49,16992.38095,0,0.0,24,83.33333333,12.5,45,1,6,27,0,131,0,0,0,4,2,2,4,0,10,1,0,149,0,1,114,0,15,28,4,34,11,1,2,1,34,398,1,3,22,1,0
4171,37.5386923,126.94993,36.3847619,20343.53741,0,0.0,21,61.9047619,14.28571429,32,2,4,19,0,95,0,0,0,3,2,2,2,0,10,0,0,125,0,0,105,0,15,19,3,30,11,2,1,0,32,367,1,4,16,1,0
4172,37.53907284,126.9482024,24.71846154,20364.83516,0,0.0,13,46.15384615,76.92307692,32,2,3,26,0,101,0,0,0,1,2,2,2,0,7,0,0,143,0,0,130,0,16,22,5,33,13,2,2,0,31,433,2,5,20,1,1
4173,37.53832994,126.9467887,38.57,13928.57143,0,0.0,1,100.0,0.0,28,2,3,24,0,93,0,0,0,1,2,2,2,0,6,0,0,122,0,0,105,0,14,21,5,24,13,2,2,0,25,373,1,5,19,1,1
4176,37.5378335,126.9453141,31.53818182,22753.24675,0,0.0,11,27.27272727,63.63636364,25,2,2,15,0,51,0,0,0,1,1,2,2,0,7,0,0,96,0,0,89,0,10,11,3,19,10,2,2,0,21,286,1,4,12,0,1
4177,37.535387,126.9444028,36.432,12642.85714,0,1.0,5,20.0,0.0,15,1,1,7,0,13,0,0,0,0,1,1,0,0,3,0,0,46,0,0,24,0,8,2,1,10,2,2,2,0,9,86,1,3,4,0,1
4178,37.53643317,126.9454702,30.23073077,17679.67033,0,0.0,26,69.23076923,38.46153846,21,1,2,8,0,35,0,0,0,1,1,1,2,0,4,0,0,67,0,0,63,0,9,7,1,12,6,2,2,0,12,194,1,3,8,0,1
4181,37.54039406,126.9530461,25.41533333,23993.33333,0,0.0,15,0.0,80.0,36,0,3,16,0,97,0,0,0,4,2,1,3,0,8,1,0,97,0,1,93,0,11,23,3,26,8,1,2,1,29,236,1,3,17,1,0
4184,37.54936016,126.9620104,24.29754386,12668.67168,0,0.666666667,57,61.40350877,66.66666667,9,1,2,3,1,8,0,0,0,0,1,0,0,0,10,0,0,33,0,0,18,0,7,6,0,8,3,5,1,0,5,51,0,0,0,1,2
4185,37.54824249,126.9603134,29.73992437,26521.15846,0,0.630252101,119,17.64705882,88.23529412,12,1,4,4,2,12,0,0,0,0,2,0,1,0,10,0,0,51,0,0,29,0,8,6,0,12,4,5,1,0,7,91,2,0,3,1,2
4186,37.54672857,126.9594883,28.91358974,15858.24176,0,0.0,39,41.02564103,35.8974359,10,1,3,6,1,9,0,0,0,0,1,0,0,0,4,0,0,65,0,0,33,0,7,3,0,13,5,4,1,0,8,140,2,0,3,1,2
4189,37.544548,126.9552997,22.22,16000.0,0,1.0,1,0.0,0.0,41,0,6,19,1,75,0,0,0,4,3,2,2,0,8,1,0,134,0,1,75,0,11,17,2,29,12,2,2,1,27,313,1,1,15,1,1
4190,37.54391857,126.9573402,25.12333333,21733.33333,0,0.0,15,0.0,93.33333333,30,0,4,9,0,41,0,0,0,1,2,1,2,0,6,1,0,77,0,1,43,0,8,10,2,15,7,1,2,0,14,191,0,1,8,0,1
4194,37.543187,126.95418,51.037,31487.14286,0,1.0,10,70.0,0.0,40,0,6,20,0,93,0,0,0,4,3,2,2,0,8,1,0,122,0,1,79,0,13,23,3,30,10,2,2,1,30,310,1,3,17,2,0
4195,37.543743,126.95286,36.78607143,24182.46429,0,1.0,28,57.14285714,0.0,42,0,6,25,0,125,0,0,0,4,4,2,2,0,9,1,0,174,0,1,93,0,15,27,3,39,13,2,2,1,33,402,1,3,22,2,0
4196,37.5430426,126.9523533,44.93333333,35428.57143,0,1.0,6,33.33333333,0.0,46,0,7,26,0,125,1,0,0,4,4,2,2,0,9,1,0,170,0,1,108,0,16,27,4,38,14,2,2,1,33,429,1,3,20,2,0
4198,37.55733438,126.9619406,45.44733333,13901.54762,0,0.0,30,26.66666667,0.0,32,0,4,3,1,11,1,1,0,2,1,0,0,0,8,0,0,49,0,0,18,0,19,5,1,10,4,3,0,0,8,146,1,2,4,2,1
4199,37.55646222,126.9609786,37.83018182,15235.27792,0,0.054545455,55,16.36363636,27.27272727,32,0,6,6,1,28,1,1,0,2,1,0,0,0,9,0,0,43,0,1,12,0,22,8,2,7,5,2,0,1,9,116,1,2,5,2,1
4201,37.55596533,126.9592106,26.69357143,20873.97959,0,0.0,14,7.142857143,100.0,29,0,4,10,1,57,1,1,0,2,3,1,0,0,13,0,0,58,0,1,20,0,27,16,5,12,5,4,1,1,9,143,1,0,9,2,1
4203,37.55397989,126.9608051,40.266,16497.89916,0,0.0,85,28.23529412,40.0,19,1,3,8,1,19,1,1,0,1,1,0,0,0,13,0,0,33,0,0,7,0,20,9,1,10,1,4,2,1,5,59,0,0,4,1,1
4206,37.55196367,126.9565217,29.90243243,16905.58301,0,1.0,185,82.16216216,0.0,16,1,7,16,2,40,1,0,0,1,4,1,1,0,15,0,0,68,3,0,25,0,15,10,7,22,6,7,3,1,19,158,2,0,10,1,2
4207,37.54978216,126.9562775,30.695,22535.71429,0,0.0,4,50.0,100.0,19,1,6,19,2,38,0,0,0,1,6,2,1,0,14,0,0,96,3,0,36,0,10,7,4,26,9,7,3,0,21,209,2,0,11,2,2
4208,37.54915155,126.9590474,25.58429646,16976.3464,0,0.783185841,226,44.24778761,57.07964602,16,1,5,12,2,22,0,0,0,0,3,1,1,0,11,0,0,78,2,0,37,0,9,8,0,17,7,7,2,0,12,153,2,0,7,1,2
4209,37.54633798,126.9559917,19.77963504,15722.17205,0,0.95620438,274,66.78832117,37.22627737,26,0,8,19,1,60,0,0,0,2,5,2,3,0,6,1,0,123,0,1,53,0,10,15,2,25,12,5,3,0,20,276,2,1,15,1,2
4211,37.54733454,126.9546502,31.68733333,22791.21693,0,0.97037037,135,61.48148148,97.03703704,25,0,8,21,3,64,0,0,0,2,6,2,3,0,11,0,0,123,3,0,57,0,12,11,4,28,14,5,2,0,20,291,2,1,16,1,1
